20120103,1.23,0.18,-0.29,0.11,1.12,2.43,1.43,2.83,1.16,0.41,0.76,1.65,1.57,2.76,3.29,3.33,2.55,2.14,4.72,3.13,1.97,2.39,2.81,0.61,1.16,2.08,5.79,3.95,6.39,3.9,-0.58,2.92,0.09,1.59,2.14,1.73,1.6,2.08,1.92,0.79,1.63,0.64,0.44,1.75,1,1.84,2.45,1.02
20120104,-1.31,-0.52,0.9,0.03,-0.81,-0.19,-0.33,-0.92,-0.78,1.5,-0.56,-0.61,-0.58,0.61,0.13,-0.78,0.5,0.44,0.02,0.32,0.16,0.08,0.1,0.05,-0.11,-1.19,0.67,0.64,0.02,0.65,-0.61,-0.88,-0.44,-0.6,-0.78,-0.43,0.42,-0.05,0.33,-0.51,-0.02,-0.53,0.48,-0.03,-0.7,-3.21,-0.51,-0.46
20120105,0.8,0.42,-0.83,-1.57,0.33,1.81,0.78,1.18,0.41,0.01,0.49,0.18,1.25,0.48,-0.05,0.16,1.28,1.86,-0.24,0.59,0.97,1.26,1.38,0.52,1.44,1.8,0.18,-0.38,-1.12,-0.16,0.14,-0.03,0.59,0.39,0.99,1.4,0.81,-0.1,0.04,0.48,0.14,0.34,0.59,0.86,0.74,1.84,0.49,-0.16
20120106,0.24,-0.76,0.55,0.45,-0.54,0.37,-0.39,-1.22,-0.29,-0.24,0.87,-0.31,1.09,-0.07,-0.07,-0.78,0.08,0.46,0.64,3.35,-0.31,-0.28,0.86,0.4,2.11,0.07,-0.65,0.13,-1.18,-0.65,-0.55,-0.39,0.5,-0.2,0.47,0.04,0.3,0.76,1.32,0.42,0.36,-0.61,-0.01,-0.04,-0.26,0.29,-0.32,0.06
20120109,0.77,-0.13,0.84,0.74,1.09,1.1,0.63,3.96,0.87,1.12,-0.05,0.15,1.85,0.11,-0.19,0.57,0.87,0.53,0.33,1.65,0.42,1.2,0.49,0.57,0.76,0.55,-0.01,0.53,-2.08,0,-0.14,-0.09,0.21,0.14,0.65,0.97,0.56,-0.13,0.35,0.6,0.82,0.77,0.06,0.48,-0.01,-1.12,0.19,0.26
20120110,1.85,0.83,0.7,-0.04,0.79,0.66,1.78,-0.24,2.29,0.92,0.27,0.96,1.37,2.08,0.47,1.66,1.12,2.68,2.67,0.96,2.07,1.53,2.05,1.35,1.36,0.11,4.16,2.38,2.05,1.3,0.37,1.05,1.33,1.31,0.76,1.25,1.81,0.81,1.12,1.5,1.29,0.25,1.06,1,1.46,1.38,2.1,1.48
20120111,0.25,0.04,3.23,0.07,-0.44,0.28,0.65,0.19,0.76,1.58,0.47,0.88,0.99,1.06,0.08,0.59,1.02,1.64,1.58,-0.03,0.54,1.62,0.6,0.26,1.27,0.45,-1.56,0.59,2.31,-1.49,-0.44,0.6,0.88,0.8,0.65,1.53,1.03,-0.04,-0.22,0.91,0.05,0.07,0.79,0.15,0.44,1.56,0.09,-0.03
20120112,0.72,0.68,3.83,-0.36,-0.15,0,1.38,0.48,1.29,0.77,-0.35,-0.05,0.71,1.3,0.62,1.44,1.25,1.67,1,2.04,1.33,0.39,0.62,0.14,-0.5,0.87,1.61,1.12,-0.31,-0.97,-0.22,0.73,0.53,0.85,0.6,1.43,1.43,0.63,0.65,0.2,0.63,0.19,0.35,0.54,0.27,1.49,0.46,0.81
20120113,-0.84,-0.67,0.35,-0.05,0.19,-1.46,-0.65,-1.73,-0.41,-0.44,0.07,-0.54,-0.15,-0.11,-0.65,-0.69,-0.55,-1.11,-1.52,-1.81,-0.33,-0.16,-1.25,-1.36,-0.8,0.71,-1.25,-0.52,-5.51,-1.66,-0.32,-0.05,-0.31,-0.78,-0.62,-0.66,-0.78,-0.17,-1.02,-0.74,-0.61,-0.18,0.15,-0.48,-0.65,-0.76,-0.67,-0.35
20120117,-0.23,0.45,-2.57,-0.39,-0.18,0.15,0.09,-0.08,0.2,-0.84,-0.33,0.09,0.56,0.34,0.34,1.94,0.16,0.88,0.15,0.94,0.36,-0.52,0,0.42,-0.54,0.06,-0.72,0.78,-2.31,0.66,0.13,0.38,-0.04,0.34,0.68,0.37,0.7,1.01,0.5,-0.2,0.29,0.08,-0.59,0.08,0.44,-0.31,-0.21,0.73
20120118,1.71,1.1,1.08,0.76,-1.33,0.5,1.51,3.07,0.05,1.32,2.17,0.98,1.95,1.45,1.74,2.5,2.36,3.52,2.12,1.46,2,2.62,1.61,0.38,0.87,0.91,0.91,2.11,2.14,2.61,0.15,0.69,-0.03,1.5,1.77,2.9,1.29,1.28,0.89,1.67,1.99,1.91,1.37,1.14,1.17,1.13,1.84,0.97
20120119,-0.12,0.89,0.01,-0.56,-2.08,0.19,1.43,-0.43,0.23,0.58,0.44,1.19,0.28,0.53,0.16,0.6,0.87,0.31,0.97,1.36,0.82,0.01,0.49,1.42,-0.25,0.3,-0.51,0.61,-0.35,-0.58,-0.81,1.67,0.74,0.74,1.6,0.97,0.76,0.66,2.16,1.66,0.36,0.87,0.03,0.28,0.36,2.04,2.01,-0.14
20120120,1.44,-0.52,0.77,1.12,0.68,0.33,0.9,1.14,-0.26,0.48,1.05,-0.17,0.2,0.63,1.05,-0.57,-0.12,-0.3,1.14,0.34,-0.25,0.59,0.69,0.29,-1.4,-0.88,0.61,-0.33,1.82,-0.01,0.22,0.03,1.48,0.55,0.24,0.91,0.05,0.99,-0.86,0.33,0.33,0.33,0.46,0.91,0.66,0.47,0.72,0.59
20120123,0.37,0.21,1.6,-0.2,-0.45,1.22,0.39,1.4,-0.27,-0.16,0,-0.51,-0.68,0.32,-0.48,-0.13,0.76,-1.16,-0.26,-0.16,-0.32,-0.83,0.53,-0.02,-0.65,-0.78,0.79,0.75,2.54,1.52,0.39,0.15,0.45,-0.2,-0.24,0,-0.44,-0.58,0.35,-0.06,0.21,0.24,-0.32,0.03,-0.15,0.36,0.31,-0.1
20120124,0.63,0.24,-0.56,-0.8,-0.88,-0.61,-0.49,4,0.74,1.07,0.9,0.77,0.75,0.46,0.62,1.27,0.55,2.12,0.69,0.27,0.51,0.31,2.26,0.08,0.27,0.8,-0.76,-0.51,-1.22,0.21,-0.16,0.75,1.25,0.8,0.83,0.88,0.98,0.24,0.98,0.16,0.42,0.98,0.05,0.57,0.34,0.65,0.01,0.76
20120125,0.64,1.26,0.48,0.46,1.05,1.29,0.8,0.87,1.48,0.97,1.42,1.89,1.09,1.36,1.57,0.64,1.44,1.93,1.49,0.33,1.15,1.76,1.85,1.43,2.38,-0.28,4.66,2.19,2.58,1.97,1.14,0.71,1.13,0.91,0.21,0.24,1.47,0.57,-0.36,1.27,1.18,0.73,0.95,0.51,0.02,0.14,0.38,1.61
20120126,0.67,-0.02,0.25,0.3,6.96,1.93,0,-1.62,-0.29,-0.97,-0.36,-0.02,0.19,-0.16,-0.29,0.17,-0.83,-1.36,-0.78,-1.95,-0.28,-0.56,-0.24,-0.76,0.76,-0.48,0.35,1.16,-1.28,-2.36,0.32,-0.92,-0.9,0.05,-0.39,-0.09,-0.61,-0.52,1.35,0.85,-0.4,-0.89,0.04,-0.35,-0.31,-0.25,-0.03,-0.07
20120127,0.64,0.45,0.64,-0.12,-1.83,0.35,0.01,1.54,0.81,0.24,0.78,0.78,1.44,1.84,0.41,1.02,0.19,1.92,1.07,0.27,1.1,0.53,0.56,0.12,0.74,4.33,2.85,0.63,1.48,1.28,-0.65,0.17,0.58,1.19,0.07,0.42,1.22,0.09,-0.37,0.43,0.41,0.75,0.83,0.52,0.89,0.59,0.71,1.12
20120130,0.29,-0.5,-1.03,-0.39,1.16,0.89,-0.63,-0.76,-1.09,-0.51,-0.73,-0.45,-0.22,-0.8,-1.03,-0.2,-0.94,-1.14,-1.39,0.38,-0.76,-0.57,-0.39,-0.15,-1.36,-1.98,0.13,-1.4,-0.77,-0.84,-0.6,-0.59,-0.96,-0.78,-0.53,-0.29,-0.74,0.09,0.07,-0.11,-0.59,-0.63,-0.61,-0.18,-0.39,-0.53,-1.32,-0.76
20120131,0.42,0.4,-0.22,0.96,-0.07,1.45,-0.32,-0.14,-0.2,0.64,0.14,0.44,0.44,0.37,0.23,0.19,0.27,-0.64,-0.62,-1.02,-0.01,-0.34,0.18,0.83,-0.7,0.21,-0.5,-0.69,-2.19,-0.01,0.18,0.37,-0.56,0.13,0.3,-0.36,0.35,1.27,0.45,0.84,-0.12,-0.31,-0.25,0.42,0.38,0.78,-0.09,-0.6
20120201,1.79,0.48,0.12,0.76,2.52,-0.35,2.17,1.71,1.79,1.22,2.19,1.39,1.55,2.5,1.45,1.09,1.99,2.5,1.95,4.12,2.31,1.95,2.21,1.94,1.18,2.93,0.26,2,1.09,0.35,0.7,1.85,3.65,1.81,2.28,2.38,2.23,1.82,1.09,1.34,1.87,1.17,1.91,1.46,2.08,0.88,1.93,2.74
20120202,0.72,1.16,-1.97,0.08,0.24,1.68,-0.11,-0.56,1.12,-0.08,0.52,0.48,1.33,-0.2,0.45,-1.31,1.03,0.89,0.5,0.73,0.52,0.05,0.5,-0.05,0.64,-0.14,0.97,0.65,4.9,0.99,-0.03,0.53,-0.74,0.4,0.17,0.25,0.18,0.67,-0.48,0.36,0.52,0.44,0.14,0.72,0.2,0.52,0.64,0.6
20120203,1.3,0.9,1.06,1.51,-0.48,0.9,2.34,1.71,2.11,2.81,2.12,1.39,2.01,1.87,2.31,2.44,2.6,4.07,2.4,3.65,2.4,3.78,2.77,1.99,3.36,1.25,-0.48,1.48,2.05,1.7,0.7,2.26,1.33,1.95,2.29,2.14,2.4,2.21,2.4,1.55,1.76,1.87,1.79,1.83,1.71,2.96,2.16,1.69
20120206,-0.81,-0.14,0.86,-0.22,-0.79,6.76,-0.61,-1.15,-0.59,0.31,0.21,-0.06,1.64,-0.45,0.19,0.31,0.72,-1.36,-0.28,-0.75,0.38,-0.39,0.85,-0.63,0.06,-0.34,-1.25,-0.54,0.99,1.17,-0.37,0.21,-0.47,-0.25,0.15,-0.33,0.54,-0.56,0.07,-0.47,0.01,-0.09,0.76,-0.46,-0.85,0.07,-0.44,-0.37
20120207,-0.53,-0.67,-0.3,-0.1,2.13,3.09,-0.46,1.31,-0.19,-0.02,-0.33,-0.25,-0.49,0.03,0.09,2.8,0.06,0.76,-0.36,2.69,0.08,2.08,0.14,0.66,1.34,-1.06,0.44,-0.36,-2.58,0.83,0.68,0.08,0,0.16,0.33,0.1,0.34,0.27,0.65,-0.42,-0.14,0.57,0.31,0.07,0.15,0.33,-0.37,0.57
20120208,1.23,0.25,-0.16,-0.71,0.06,0.14,0.26,-1.21,0.74,1.16,0.15,-0.32,0.48,0.22,0.5,-0.47,0.3,0.84,-0.01,-1.56,0.26,1.07,-0.14,0.57,0.95,1.28,-0.97,0.55,-0.49,0.51,0.05,1.36,-0.1,0.56,0.35,0.97,0.18,-0.46,0.61,0.13,0.56,0.46,0.43,0.6,0.46,0.44,-0.12,0.27
20120209,-0.61,0.8,-0.69,0.8,1.65,-0.36,0.02,0.23,0.62,0.26,-1.43,-0.45,-0.69,-0.1,-0.86,-0.62,0.21,1,-0.73,0.62,1.13,-0.76,0.44,-0.44,-1.38,0.05,-1.41,-0.31,0.81,-0.3,-0.33,-0.13,0.38,0.48,-0.1,0.27,-0.38,0.03,0.25,0.04,-0.17,-0.01,0.05,-0.09,0.05,1.44,-0.27,-0.25
20120210,-1.11,-1.09,-0.9,-1.4,-0.16,-0.63,-0.25,-1.81,-0.82,0.23,-0.27,-0.92,-1.3,-2.5,-1.16,-1.29,-2.12,-2.05,-2.6,-2.13,-1.95,-1.85,-1.47,-0.26,-1.15,-1.76,-1.15,-2.97,-4.54,-1.34,-0.51,-1.18,-1.11,-0.94,-1.31,-1.27,-1.67,-1.2,-1.25,-0.65,-0.59,-0.66,-0.58,-0.8,-0.72,-1.49,-0.96,-1.71
20120213,1.28,1.08,1,0.2,2.67,0.51,0.42,1.72,1.44,0.11,1.66,1.14,1.28,1.08,0.46,1.23,1.45,1.82,1.33,0.83,1.6,2.09,1.74,0.79,0.3,0.87,0.12,-0.06,-0.31,2.45,0.16,1.15,1.13,1.17,0.95,0.88,1.44,0.99,1.09,1.61,1.19,0.86,0.9,0.89,1.04,2.35,1.09,0.66
20120214,-0.6,0.19,-0.17,0.05,0.13,1.06,0.06,-0.62,0.24,0.6,0.56,-0.22,-1.35,-0.73,-0.04,-0.13,-0.79,-0.02,-1.32,-0.68,-0.56,-1.49,-0.97,-0.49,-0.38,-0.44,-1.92,-1.04,-3.34,-0.01,-0.18,-0.81,-1.36,0,0.36,-1.11,-0.71,-0.44,-0.94,-0.21,-0.11,0.23,-0.41,-0.52,-0.47,-1.48,-0.52,-0.37
20120215,0.17,-0.74,-0.28,-0.51,0.65,0.89,-0.87,-0.77,-0.78,-0.54,-0.59,-0.38,-0.39,-0.8,-1.02,0.63,-0.6,-0.61,-1.44,-1.06,-1.03,-0.9,-0.68,-1.6,-1.56,-0.81,0.09,0.34,0.68,-0.06,-0.37,-0.48,-0.16,-0.45,-0.31,-0.35,-0.11,-0.66,-0.34,-1.23,-1.03,-0.76,0.11,-0.18,-0.33,-0.66,-0.48,-0.87
20120216,1.1,0.72,1.13,1.16,1.33,1.2,1.77,1.11,1.39,1.61,1.84,1.19,1.18,1.06,2.78,1.24,1.61,0.73,2.72,1.34,1.58,1.58,2.44,1.11,2.56,0.08,2.89,2.68,0.93,1.95,1.27,1.52,1.3,1.22,1.73,1.66,1.4,2.11,0.12,1.94,1.51,1.27,0.94,1.67,1.4,1.71,2.18,1.39
20120217,0.41,0.71,0.62,0.38,0.7,1.01,0.26,-0.18,0.19,-0.02,-0.39,0.31,-0.33,0.26,0.01,-0.05,0.61,-0.62,-0.09,-0.26,-0.09,0.41,0.33,0.23,3.3,1.25,-1.29,-0.04,0.73,1.28,0.08,-0.03,-0.09,-0.12,-0.43,0.22,0.02,0.24,-0.64,-0.03,0.2,0.72,0.47,0.93,0.49,0.24,-0.05,1.49
20120221,-0.83,-0.17,-0.57,-0.79,-0.44,0.31,-0.47,-0.64,-0.2,-1.16,-0.73,-0.98,-1.67,0.18,-0.96,-0.65,-0.18,-1.2,0.47,-0.28,0.3,-0.2,-0.56,-0.31,1.39,0.38,3.01,1.04,-1.1,1.21,0.08,-0.73,-0.55,-0.69,-0.68,-1.1,-0.63,-0.05,-0.3,-2.03,0.38,-0.66,-0.22,-0.27,-0.01,-1.61,-0.35,-0.95
20120222,1.21,-0.44,-0.93,0.25,-0.77,-0.46,-0.96,-0.16,-0.06,0.35,0.97,-0.96,-0.68,-0.16,-0.08,0.49,-1.42,-1.76,-0.36,-0.21,-0.96,0.18,-0.71,-0.03,1.05,-0.84,1.14,0.25,-1.44,-0.6,-0.07,-0.71,-0.51,-0.37,-0.89,-0.89,-0.95,-0.8,-1.38,-0.78,-0.93,-0.44,-0.33,-0.77,-1.22,-0.9,-1.12,-1.28
20120223,1.85,1.43,-0.44,-1.26,0.94,0.98,0.91,1.07,0.85,0.26,1.43,1.21,2.15,0.78,1.66,1.61,2.15,2.3,1.1,1.89,0.94,-0.7,0.64,-0.07,0.43,-0.27,1.44,0.1,1.15,0.83,1.08,1.58,1.17,1.05,1.23,0.81,1.15,0.94,0.65,1.06,0.91,1.14,0.84,1.34,0.51,2.07,1.46,0.4
20120224,0.09,0.11,1.07,-0.02,1.13,0.29,-0.3,-1.05,-0.35,0.54,1.33,0.3,0.74,0.28,-0.75,-0.95,-1.39,-1.16,-0.57,-1.59,-0.74,-0.39,-0.58,0.52,-1.92,0,-1.17,-0.57,0.95,0.91,0.16,-0.38,0.03,-0.02,0.21,-0.49,-0.08,-0.55,0.45,-0.85,-0.3,-0.11,-0.71,-0.48,-0.22,0.74,-0.14,-0.05
20120227,-0.75,-0.21,0.44,0.69,-0.14,-0.51,0.01,0.11,-0.49,0.03,0.32,0,0.16,0.76,-0.58,0.41,0.54,1.12,-0.38,1.59,0.03,-0.44,0,-0.31,1.15,0.26,-1.28,-0.84,-1.47,-0.51,-0.24,-0.06,-0.53,-0.15,0.06,-0.27,-0.06,-0.07,0.03,0.39,-0.01,0.45,-0.3,-0.03,0.06,-0.24,-0.07,-0.1
20120228,-0.41,-0.7,-0.35,-0.82,0.36,1.04,0.85,0.67,0.15,0.73,0,0.25,0.23,-0.19,0.09,-0.7,0.51,-0.83,-0.68,0.37,-0.24,-0.47,0.14,0.04,1.24,-0.83,1.78,0.1,-0.44,-1.01,-0.79,-0.28,-2.5,-0.09,0.26,0.19,-0.08,0.13,-0.14,-0.37,-0.25,0.41,1.01,0,-0.14,-0.53,0.09,0.39
20120229,-1.86,-0.95,-0.49,-0.39,-1.41,-0.65,-1.38,-3.17,-0.14,0.64,-1.71,-1.94,-1.29,-1.95,-1.24,-0.92,-1.17,-0.71,-1.92,-3.1,-1.76,-1.7,-2.09,-0.46,-2.06,-0.55,-4.01,-2.85,-4.1,-2.44,-0.07,-0.94,-1.43,-1.15,-1.55,-1.86,-1.43,-1.26,0.02,-1.07,-0.85,-1.43,-0.66,-0.74,-0.99,0.37,-1.7,-1.35
20120301,-0.17,0.78,0.29,0.15,1.4,0.75,0.28,0.06,0.13,1.71,0.17,0.28,0.37,0.55,0.49,-0.44,-0.13,1.21,0.29,-0.63,0.03,0.61,0.8,0.53,0.12,-0.5,0.31,1.08,0.61,1.59,0.06,-0.54,0.65,0.51,0.88,0.2,0.29,0.44,0.53,0.96,0.4,1.35,0.22,0.21,-0.04,1.22,0.48,0.15
20120302,-1.45,-0.54,-0.2,-0.15,-0.97,-0.19,0.04,-0.94,-1,-0.52,-1.33,-1.03,-0.99,-1.01,-1.79,-1.33,-2.23,-1.13,-1.75,-1.67,-1.41,-1.58,-1.55,-1.43,-1.83,-1.13,-2.3,-1.73,-3.61,-1.75,-0.35,-0.76,-2.36,-0.94,-0.73,-1.57,-1.09,-1.23,-0.64,-1.28,-1.07,-1.04,-0.94,-1.16,-1.09,-1.22,-1.71,-1.15
20120305,0.48,-0.18,-0.07,0.23,0.98,-0.33,0.24,0.93,-0.23,-0.21,-0.58,0.49,0.55,-1.4,-0.04,-0.12,-0.14,0.15,-1.06,0.2,-0.86,-0.67,-0.38,-0.6,-0.76,0.64,-2.14,-1.78,-2.54,-1.28,0.43,-0.25,0.07,-0.2,-0.17,-1.35,-0.72,0.47,-0.25,-0.3,-0.48,0.52,0.33,0.41,0.82,-0.85,0.11,0.79
20120306,-0.61,-1.61,-0.58,-0.66,-1.51,-1.03,-1.51,-2.7,-1.59,-2.26,-1.71,-1.87,-1.23,-2.36,-1.74,-2.55,-2.41,-3.44,-2.88,-1.61,-2.19,-1.9,-2.79,-2.24,-3.79,-1.67,-3.8,-2.74,-1.05,-2.59,-1.04,-1.97,-1.5,-1.53,-2.04,-1.68,-1.5,-1.96,-0.78,-1.77,-1.82,-1.57,-1.15,-1.16,-1.8,-1.37,-1.87,-0.85
20120307,0.63,1.06,0.91,-0.13,1.57,1.05,0.6,0.66,0.74,0.04,2.2,0.86,0.89,1.77,0.99,1.82,1.97,2.06,0.63,1.95,1.11,0.95,0.99,0.61,1.07,0.64,1.49,1.19,-0.47,1.85,0.46,1.63,1.35,0.88,1.01,1.15,1.17,0.06,0.67,0.86,1.16,1.14,1.23,1.17,0.67,-0.03,1.24,1.21
20120308,1.29,0.29,0.55,0.46,0.69,1.19,1.32,2.06,1.39,1,0.9,1.83,1.17,1.93,1.01,1.58,1.36,1.77,1.9,0.43,1.38,0.54,1.91,1.82,1.62,1.6,1.37,1.07,0.47,1.24,0.76,1.5,1.3,1.34,1.08,1.59,1.83,3.57,1.64,1.05,1.21,1.24,0.63,0.7,0.67,1.92,0.8,0.28
20120309,0.97,-0.02,-0.76,1.82,0.36,0.75,0.84,0.29,0.89,1.63,2.32,0.77,0.76,1.18,1.15,1.59,2.38,1.88,2.14,1.41,1.23,0.77,1.41,0.18,1.33,3.09,1.14,1.39,2.18,1.18,0.12,1.42,1.44,1.02,0.85,0.99,1.32,1.59,0.25,0.91,1.24,1.08,0.72,1.13,1.27,1.59,1.12,1.48
20120312,-0.39,0.2,0.46,-0.35,-0.85,0.38,-0.55,0.53,0.04,0.79,-0.51,-0.22,-1.03,0.07,0.18,-0.79,0.23,-0.02,-0.97,-0.12,-0.2,0.48,0.82,-0.39,-3.62,-0.33,-2.6,-0.1,-1.89,-1.32,0.12,-0.55,-0.25,-0.12,-0.52,0.09,-0.66,-0.55,-0.59,-0.05,0.31,0.09,0.08,0.06,-0.36,1.08,-0.17,0.56
20120313,2.09,1.2,1.26,1.45,0.55,2.09,1.93,1.27,2.02,2.1,1.59,1.54,1.42,2.3,2.52,2.15,2.49,2.95,2.37,0.14,1.66,1.79,2.59,1.54,1.21,0.47,1.08,2.35,1.88,1.9,0.71,1.88,2.17,1.55,1.79,1.69,1.8,1.66,2.42,2.12,1.99,1.84,1.84,2.26,1.82,2.11,2.46,1.27
20120314,-0.49,-0.92,-1.31,0.04,-0.69,-0.85,-1.08,0.07,-0.48,-1.02,0.34,-0.35,0.06,-0.87,-1.32,-1.28,-1.04,-1.77,-1.76,-0.5,-0.87,-0.38,-0.14,0.01,-1.02,-0.96,-3.78,-2.09,-1.93,-1.59,-1.59,-0.9,-1.02,-0.45,-1.22,-0.67,-0.54,-0.77,-0.64,-1.03,-0.79,-0.24,-0.27,-0.27,-0.18,0.7,-0.95,-0.42
20120315,0.96,0.06,0.21,-0.09,-0.23,-0.26,0.94,1.98,0.9,-0.1,1.11,0.76,0.3,0.58,0.28,1.65,1.21,2.4,1.7,1.19,1.14,0.72,1.03,0.18,2.14,1.21,-0.08,0.15,2.69,0.46,0.21,1.04,0.4,0.71,0.49,1.28,0.41,0.23,0.87,2.04,0.68,0.35,0.89,0.86,0.47,0.55,1.08,0.43
20120316,1.04,-0.15,-1.63,-0.73,-0.41,-0.38,0.43,-0.08,0.89,-0.41,0.04,0.23,0.16,0.33,-0.45,-1.01,-0.68,-0.33,0.69,-1.16,0.13,-0.3,-0.73,-0.16,-1.71,-1.43,0.34,0.24,2.71,1.97,0.32,0.09,0.59,0.06,-0.2,0.06,-0.04,-0.95,-0.77,-0.32,-0.29,-0.47,0.47,0.79,-0.63,0.95,-0.22,0.56
20120319,-0.22,0.88,-0.87,-0.28,-0.26,0.82,1.55,0.15,0.59,-0.02,0.26,0.27,0.87,-0.03,0.9,1.7,0.8,-0.58,1.78,1.98,0.95,0.77,0.54,-0.36,1.14,0.67,0.74,0.16,0.4,1.24,-0.33,0.92,0.19,0.34,0.76,0.6,0.07,0.38,1.4,0.66,0.57,0.28,0.58,0.72,0.58,0.05,0.97,1.15
20120320,-1.93,-0.51,-0.55,0.2,-0.97,-1.03,-0.31,-0.97,-0.7,-0.17,-0.69,-0.15,-0.62,-0.89,-0.62,0.89,-0.23,-1.71,-1.85,0.04,-1.54,-0.91,-1.14,-1.51,-1.71,-1.37,-0.48,-1.21,-2.41,-2.25,-0.31,-0.35,-0.78,-0.68,-0.47,-0.64,-0.44,-1.6,-0.89,-1.13,-0.37,0.36,-0.67,-0.2,-0.36,-1.7,-0.26,-0.26
20120321,-1.24,0.43,0.04,0.24,0.2,0.57,0.18,1.04,0.14,0.76,0.14,-0.03,0.39,0.61,0.1,0.39,0.45,0.5,-0.45,-1.71,0.41,0.17,0.63,-0.08,0.42,1.5,0.59,0.59,0.08,-0.48,-0.17,0.45,0.24,0.47,-0.3,0.08,-0.37,0.18,-0.85,0.33,0.07,0.18,0.19,0.17,-0.06,0.6,-0.41,0.66
20120322,-0.92,-0.28,-0.01,1.03,-0.29,0.45,-0.49,-1.73,-0.6,0,-1.16,-0.22,-0.41,-1.67,-1.18,-0.55,-1.93,-1.19,-2.17,-1,-1.64,-1.07,-1.29,-0.53,-2.71,3.29,-1.48,-3.13,-3.28,-2.49,-0.34,-0.79,-0.99,-0.77,-0.51,-0.98,-0.45,-1.33,-1.63,-1.48,-0.75,-0.1,-0.28,-0.92,-0.8,-1.7,-0.86,-0.3
20120323,1.14,1,1.04,1.36,0.82,0.3,0.52,1.47,0.39,-0.02,0.09,0.83,0.65,1.25,1.49,0.17,0.41,0.33,1.29,1.1,1.14,1.43,1.09,0.94,1.21,0.33,2.04,1.92,1.2,2.27,0.48,1.4,0.61,0.69,1.68,0.47,1.04,1.02,-0.05,0.6,1.2,0.28,0.08,0.91,0.96,-0.49,1.21,1.03
20120326,0.66,1.32,-0.27,0.48,0.65,2.03,1.31,1.8,1.9,1,2.22,1.59,2,1.76,2.18,1.12,1.61,2.13,1.04,0.42,1.61,1.1,2.07,2.06,0.83,1.29,2.98,0.84,-1.3,0.42,0.92,1,1.88,1.61,1.6,1.07,1.66,1.52,0.85,1.23,1.39,1.96,1.8,1.31,1.74,1.73,1.23,0.68
20120327,0.32,-0.14,-0.19,0.23,-0.87,0.55,0.05,-1.29,-1.39,-0.8,-1.34,0.27,0.01,-0.64,-0.35,2.76,0.2,0.34,-0.1,-0.29,-1.21,-0.98,-0.36,-1.26,-1.49,-0.19,-1.25,0.44,-1.59,-1.05,-0.12,-1.09,-1.8,-0.34,-0.49,-0.02,-0.35,-0.31,0.37,-0.75,-0.57,-0.58,-0.16,-0.01,-0.6,-0.35,-0.73,-0.29
20120328,-1.03,0.13,0.49,0.93,-1.68,-1.02,-1.26,-0.95,-0.22,-0.8,-0.67,-0.56,-0.52,-0.77,-0.5,-0.94,-0.88,0.29,-1.11,0.89,-1.38,-1.05,-0.91,-0.88,-0.93,-1.56,-0.44,-1.99,-2.44,-1.72,-0.73,-1.05,-1.18,-0.55,-0.81,-0.61,-0.3,-0.74,0.18,-0.04,-0.67,-0.99,-0.36,0.23,0.28,-0.3,-0.61,-0.53
20120329,-0.81,-0.3,-0.2,1.08,0.82,1.9,-0.02,-0.18,0.68,-0.3,0.45,-0.19,-0.15,0.01,-0.37,0.36,-0.83,-1.05,0.79,0.02,-0.18,-0.62,-0.61,-0.64,-0.78,0.38,0.83,0.15,1.04,-0.54,-0.11,-0.12,0.42,-0.21,0.71,-0.2,-0.05,0.62,-0.17,-0.05,-0.5,-0.26,-0.32,0.29,-0.11,0.77,-0.71,-0.52
20120330,-0.72,-0.32,-0.26,-0.08,0.42,0.5,-0.47,0.77,0.32,0.57,-0.01,0.08,-0.07,0.12,0.7,0.39,0.46,-1.27,0.22,-1.01,0.12,-0.29,0.05,-0.2,0.67,1.34,1.84,0.23,-0.67,0.51,0.17,0.71,-2.64,-0.2,-0.13,-0.26,0.66,-0.53,-0.2,-0.46,-0.35,-0.57,0.16,0.25,-0.09,0.6,0.07,0.14
20120402,1.7,0.61,1.3,1.59,0.27,1.61,0.49,0.1,1.25,0.47,1.36,0.92,0.41,1.48,1.26,0.91,0.38,1.58,1.55,-0.96,1.13,0.02,1.37,1.41,0.46,2.52,3.15,1.16,1.57,1.03,0.64,1,0.97,1.17,0.74,0.5,0.9,0.88,0.54,0.49,0.91,1.04,0.63,0.66,0.92,1.84,1.38,0.34
20120403,0.22,-0.33,0.07,-1.23,-0.71,-0.98,-0.58,-0.39,-0.87,-0.03,-0.41,-0.44,-0.55,-0.9,-0.77,-0.36,-1.55,-1.1,-1.37,9.4,-0.56,-0.97,-0.49,-0.4,-1.17,-0.84,-2.39,-2.25,-3.13,-1.02,-0.18,-0.89,-1.01,-0.98,-1.18,-1.47,-0.39,-0.7,0.27,-0.32,-0.83,-0.32,0.12,-0.78,-0.56,-0.65,-0.8,-0.61
20120404,-1.24,-0.41,-2.01,-0.17,-0.78,-1.45,-1.48,-1.29,-0.88,-0.79,-1.49,-1.51,-1.8,-1.15,-1.63,-1.02,-1.01,-1.75,-2.26,10.77,-1.26,-1.87,-2.95,-1.24,-0.5,-1.56,-4.11,-1.92,-0.72,-2.4,-1.04,-1.39,-1.83,-1.66,-1.62,-1.6,-1.78,-1,-0.58,-1.09,-1.42,-1.1,-1.21,-0.85,-0.82,-0.41,-1.6,-1
20120405,-0.73,-0.28,1.05,-1.3,0.31,-0.37,-0.36,-1.85,0.63,0.16,-0.9,-0.35,0.17,-0.11,-0.03,0.32,2.27,-1.81,-0.92,-4.2,-0.2,1.18,0.21,-0.55,1.21,-0.95,-2.1,-0.46,-1.02,-0.81,-0.34,0.13,-0.1,0.12,-0.31,-0.5,0.04,-0.28,-0.24,-0.41,0.33,-0.13,0.45,-0.03,-0.21,-0.21,0.33,0.06
20120409,-2.37,-1.79,-2.36,-0.9,-0.55,-1.98,-1.01,0.38,-0.85,-0.69,-0.78,-1.43,-2.42,-0.8,-1.57,-1.26,-1.75,-1.44,-1.45,0.99,-2.27,-1.18,-2.79,-1.97,-1.7,-0.53,-1.34,-1.83,-1.77,-2,-0.96,-2.27,-2.44,-1.26,-1.7,-1.94,-2.02,-2.32,-1,-2.16,-1.43,-1.38,-0.45,-1.32,-1.93,-2.57,-1.75,-1.14
20120410,-2,-1.19,-1.76,-1.77,-2.7,-1.14,-1.81,-3.84,-1.45,-2.8,-2.15,-2.01,-2.82,-2,-1.71,-2.38,-3.34,-3.09,-1.72,-0.96,-2.09,-2.33,-3.07,-1.39,-4.44,-2.52,2.25,-1.67,-1.82,-2.8,-1.44,-2.3,-1.47,-1.73,-1.8,-1.63,-2.49,-2.41,-1.8,-2.05,-1.76,-2.41,-1.76,-1.24,-1.8,-0.24,-2.28,-1.92
20120411,2.07,0.82,1.47,1.43,2.99,0.95,0.75,1.7,0.98,1.89,1.56,0.94,1.44,1.78,1.32,1.16,1.35,2.08,1.53,1.95,1.26,2.73,1.31,1.7,2.29,3.06,-0.33,0.39,1.06,0.65,0.16,1.8,1.41,1.37,1.33,2,1.42,0.87,1.04,2.75,1.68,1.78,1.57,1.78,1.2,1.43,1.17,1.63
20120412,1.98,0.97,0.57,-0.26,-1.03,1.39,0.85,1.11,0.89,1.43,1.19,1.54,0.49,2.26,1.24,0.83,2.26,2.69,3.46,-0.43,2.24,0.85,2.66,1.79,3.67,2.33,3.06,3.44,5.47,2.84,0.48,1.01,1.51,1.47,1.55,1.81,1.57,1.04,1.09,2.07,1.1,1.09,0.65,0.6,1.5,1.5,1.73,1.11
20120413,-1.57,-0.77,0.87,0.78,-0.59,-0.91,-0.64,-1.2,0.05,0.14,-1.72,-0.99,-1.32,-1.69,-1.41,0.14,-1.9,-1.82,-2.28,-2.23,-1.48,-0.97,-1.84,-0.92,-1.9,-1.02,-1.64,-1.89,-2.44,-2.31,-0.62,-1.81,-1.9,-0.87,-1.58,-1.69,-1.57,-1.48,-0.51,-1.12,-1.24,-1.22,1.29,-1.29,-1.47,-0.38,-2.33,-0.41
20120416,-0.85,0.64,-0.79,0.29,-1.08,1.5,0.03,0.41,0.09,0.29,1.03,0.27,0.05,-0.41,0.19,-0.17,0.44,-0.24,0.27,0.06,0.11,0.81,0.26,0.15,0.18,0.15,-1.8,-1.15,-0.32,-1.5,0.72,-0.32,-0.48,0.07,0.56,-0.29,0,0.75,1.09,0.71,-0.31,0.77,-0.76,0.78,0.55,-0.7,0.75,-0.06
20120417,1.28,1.3,-0.44,1.03,1.07,0.92,1.71,-0.27,1.01,1.18,1.53,1.22,1,1.02,1.66,1.64,1.93,1.81,1.49,0.8,1.59,1.09,1.34,1.45,1.71,1.7,1.31,1.57,2,1.44,0.93,1.1,1.89,1.21,1.3,1.68,1.69,1.06,1.09,1.39,1.32,1.5,0.23,1.2,1.04,1.35,1.89,0.78
20120418,-0.68,-0.34,0.3,-1.22,0.5,0,-0.23,-1.35,-0.3,-0.38,-0.75,-0.17,-0.97,-1.09,-1.17,-1,-1.11,-0.25,-1.3,-0.39,-0.79,-1.32,-0.32,-0.74,-0.16,-0.49,-1.25,-1.69,-1.45,-1.59,-0.55,-1.02,-0.7,-0.62,-0.75,-1.19,-0.63,-0.77,-0.89,-1.25,-0.62,-0.36,-0.25,-0.59,-0.95,-0.52,-1.2,-0.69
20120419,-1.09,0.1,-0.52,0.47,-0.53,-0.98,-0.8,-0.98,-0.82,-0.68,0,-0.11,0.76,-0.22,-0.32,-1.26,-1.13,-1.28,-1.13,-0.16,-0.59,-1.14,-1.35,-1.37,-2.68,-0.47,0.27,-1.15,1.72,0.03,-0.44,-0.75,-0.66,-0.51,-0.18,-0.41,0.34,-0.85,-0.39,-0.87,-0.33,-0.75,-0.12,-0.23,0.07,-0.24,-0.53,0.38
20120420,1.6,0.77,3.7,0.59,0.66,0.58,0.78,1.94,0.04,0.9,-0.81,0.46,1.02,0.87,0.49,2.09,0.47,1.53,-0.52,-0.13,0.34,0.42,0.05,1.45,1.61,0.71,0.62,-0.07,-2.97,-0.22,0.98,1.11,0.29,0.71,-0.22,-0.54,-0.12,0.54,0.7,0.23,0.24,0.21,0.81,0.87,0.03,0.66,0.36,0.08
20120423,-1.06,-1.71,-1.96,-0.71,0.41,-1.28,-1.6,-0.61,-1.25,-1.65,-0.7,-0.33,-0.16,-1.48,-1.68,-1.94,-1.6,-2.25,-1.69,-2.33,-1.41,-2.23,-1.21,-1.33,-3.03,-1.05,-2.61,-2.52,-1.31,-0.44,-0.83,-1.84,-1.25,-1.16,-1.26,-1.57,-0.83,-1.41,-1.35,-1.11,-1.31,-1.23,-0.05,-0.79,-0.86,-1.92,-1.53,-0.28
20120424,0.71,1.43,-0.6,1.9,-0.12,1.51,0.31,-0.77,0.62,-0.83,1.47,1.17,0.88,-0.05,1.18,2.69,0.99,1.94,0.4,-0.23,1.23,1.26,0.26,0.69,1.63,0.73,0.83,0.6,2.06,0.91,1.05,0.8,0.56,0.32,0.25,0.21,0.14,0.01,0.29,1.26,0.78,-0.45,1.62,1.49,0.75,1.02,0.82,0.8
20120425,0.2,0.7,0.45,-0.31,1.31,1.12,0.61,1.73,1.19,0.85,1.73,1.34,1.3,1.84,1.44,0.08,1.23,1.96,1.91,1.32,0.82,0.65,1.7,1.09,1.59,0.8,3.09,2.04,1.4,2.82,0.98,0.72,0.83,1.03,1.23,1.36,1.92,1.99,1.37,1.51,1.08,1.49,1.7,0.76,1.1,0.87,0.93,0.38
20120426,0.86,1.31,0.47,2.37,1.58,0.22,0.9,0.08,0.18,1.96,-0.35,0.06,-0.2,0.53,0.48,3.03,2.64,1.62,0.72,2.73,0.84,0.4,0.75,0.41,0.17,0.51,1.66,-0.13,-0.38,2.05,0.78,0.28,0.67,0.64,0.68,0.72,0.54,1.41,-1.12,-0.54,0.6,1.31,0.01,0.41,0.17,1.75,0.57,0.62
20120427,0.34,0.19,-1.23,-0.91,1.52,-0.42,0.69,0.43,0.68,-0.48,0.27,1.33,0.86,0.58,0.88,0.43,1.53,2.43,0.93,0.2,1.32,0.03,1.04,1.33,1.53,1.36,0.76,0.34,-0.01,0.2,0.67,0.49,1.33,0.64,0.58,0.62,0.01,0.42,0.43,1.33,-0.07,1.43,-0.34,0.57,0.27,-0.34,0.37,0.71
20120430,-0.97,-0.53,0.54,0.04,-0.11,-0.68,-1.17,-3.05,-0.79,-0.27,-0.65,-0.34,-0.56,-0.6,-0.32,-0.21,-1.46,-1.09,-2.54,-0.89,-1.18,-0.91,-2.19,-1.14,-1.62,0.33,0.49,0.54,0.07,0.22,0.14,-0.34,-1.18,-0.68,-0.95,-0.51,-0.7,-1.57,-0.72,-0.44,-1.03,-0.83,-0.33,-0.49,-0.58,-0.22,-0.48,-0.29
20120501,0.22,1.06,0.96,0.23,-0.37,0.58,0.31,2.19,-0.11,-0.68,-0.54,0.27,-1.01,-0.07,-0.45,-0.05,0.24,-0.39,0.5,-0.97,0.56,-0.03,0.15,-0.16,-0.59,-1.17,-0.33,-0.6,0.13,0.5,0.22,-0.04,-0.76,-0.1,0.39,0.49,0.14,-0.04,0.71,0.18,-0.8,-0.46,1.33,0.02,0.41,0.46,-0.3,-0.61
20120502,-0.56,0.12,0.68,0.59,0.3,-0.75,1.41,-0.31,0.17,1.64,1.13,0.09,0.73,-0.11,0.11,1.82,0.2,0.85,1.11,0.44,0.08,0.11,0.81,-0.16,0.47,1.68,-1.94,-1.35,-3.28,-1.67,-0.62,0.72,0.24,0.38,-0.59,0.08,0.2,-0.89,-0.18,0.88,-0.1,0.88,0.41,0.06,-0.19,0.52,-1.07,0.93
20120503,-0.91,-1.89,-1.18,-0.64,-0.71,-1.39,-1.28,-2.31,-0.55,-1.63,-1.27,-0.74,-1.81,-1.08,-0.68,-2.87,-1.03,-1.82,-1.44,-0.24,-1.78,-1.66,-2.09,-1.08,-1.44,-0.95,-2.97,-2.65,-1.13,-2.84,-0.72,-0.64,-2.25,-1.27,-1.92,-2.13,-1.08,-1.45,-1.1,-1.15,-0.65,-1.06,-0.72,-0.41,-1.59,0.62,-1.34,-0.33
20120504,-0.64,-0.56,-0.68,-0.97,-0.74,-0.85,-1.71,-0.83,-0.68,-2.79,-1.42,-1.64,-1.65,-2.15,-2.46,-2.21,-1.69,-1.98,-2.43,-2.67,-2.44,-1.8,-2.02,-1.65,-3.02,-2.14,-0.46,-1.16,-3.6,-2.54,-0.45,-1.68,-1.22,-1.51,-1.82,-1.68,-1.81,-1.53,-1.54,-1.69,-1.64,-1.84,-1.45,-0.97,-1.56,-2.01,-1.33,-1.07
20120507,0.03,0.24,1.73,1.15,-0.77,-0.88,0.39,1.74,0.31,-0.48,0.88,1.1,1.27,-0.43,0.11,-0.63,0.43,0.38,-0.41,0.09,0.14,0.12,0.48,-0.1,-0.56,2.58,-2.73,-1.02,-0.38,-0.26,0.07,-0.14,-0.01,-0.07,-0.62,-0.32,-0.2,0.35,-0.08,0.74,0.52,-0.34,-0.14,0.58,0.37,0.1,-0.33,0.87
20120508,0.69,0.74,-0.37,-1.52,1.38,-0.75,0.11,0.05,-1.98,-1.84,-0.47,-0.4,0.24,-0.15,0.41,-0.39,-0.61,-1.5,0.13,-1.85,-0.2,-0.24,-0.04,-0.44,0.68,-1.46,-1.87,-1.95,-1.41,-0.28,0.52,-0.42,0.2,-0.37,-1.16,-0.57,-0.57,-0.41,-0.59,-0.07,0.05,-0.86,-0.29,0.48,0.63,-0.72,-0.22,-1.02
20120509,-3.79,0.14,0.25,-0.12,-2.06,0.34,-0.67,-0.28,0.72,0.28,-0.61,-0.54,-0.71,-0.95,-1.03,0.24,-0.63,-0.72,-0.48,-0.69,-1.19,-0.68,-0.92,-1.5,-1.45,-0.17,1.13,-1.19,2.52,-0.51,-0.17,-0.31,-0.91,-0.29,-0.04,-0.5,-0.24,-1.33,0.6,-0.82,-0.47,0.18,-0.11,-0.3,-0.79,-0.51,-0.79,-0.81
20120510,0.5,1.77,2.01,0.1,0.06,-0.15,1,1.39,0.09,-0.01,-1.2,0.19,0.84,0.62,0.56,0.16,0.99,-0.38,0.33,-0.22,0.45,-1.18,0.13,0.07,-0.48,2.25,0.05,0.75,-0.21,0.33,1.04,-0.1,-0.06,0.2,-0.93,-0.67,0.02,0.81,-0.36,0.03,0,0.56,0.69,0.8,0.66,-0.5,-0.19,0.54
20120511,-0.77,-0.92,-1.39,0.48,-0.95,0.4,0.1,-0.49,-0.69,-0.39,0.9,-0.6,0.8,-0.37,-0.34,0.26,-0.68,1.85,-0.37,-2.09,-0.47,0.16,-1.11,-0.25,-1.11,-0.3,-1.28,-1.15,-1.47,-1.17,-0.31,-1.08,-1.41,-0.4,-0.48,-0.35,-0.07,-0.14,-0.61,0.17,-1.12,-0.39,0.28,-0.54,-0.59,1.11,-0.51,-0.85
20120514,-1.74,-0.55,-0.59,-0.11,-0.77,-0.16,-1.37,-3.58,-1.7,-1.5,-1.31,-1.19,-0.6,-2.16,-1.01,-1.99,-2.04,-1.67,-1.53,-2.29,-1.74,-1.22,-1.04,-0.84,-2.12,-1.72,-3.73,-4.06,-2.17,-2.54,-0.53,-2.09,-1.71,-1.15,-1.13,-1,-1.26,-0.9,-0.19,-1.26,-1.01,-1.03,-1.57,-0.71,-0.91,-0.8,-1.72,-1.71
20120515,0.71,0.27,-2.19,-0.39,-0.81,0.02,0.35,3.72,0.29,-0.57,-0.41,-0.79,-0.73,-1.66,-0.65,-0.06,-0.81,-0.56,-1.89,-1.42,-0.46,-1.54,-1.74,-0.17,-1.33,-0.88,-6.17,-3.34,-6.08,-3.04,-0.63,-0.47,0.63,0.18,-0.9,-0.63,-0.52,-0.58,-1.36,0.07,-0.43,-0.23,0.19,-0.04,-0.32,-0.82,0.28,-0.6
20120516,-0.82,0.64,0.39,-0.4,1.08,-1.11,-0.5,-0.91,-0.23,-0.51,-0.81,-0.59,-0.75,-2.27,-0.49,-0.9,-0.83,-1.66,-2.05,-1.42,-1.14,-1.26,-0.6,-0.96,-1.67,-2.19,-1.92,-2.79,-2.41,-1.72,-0.21,-1.12,-0.79,-0.92,-1.09,-1.29,-1.45,-1.27,-1.35,-0.29,-1.21,-0.46,-0.08,-0.64,-1.11,-1.02,-0.82,-1.36
20120517,-1.45,-1.16,-1.21,-0.71,-0.14,-2.95,-1.93,-1.71,-2.57,-2.25,-1.82,-1.55,-2.19,-3.52,-1.61,-1.86,-3.98,-3.74,-2.68,-3.66,-2.81,-1.81,-2.58,-1.66,-2.32,-3.51,2.05,0.25,-2.53,-2.08,-0.98,-1.67,-1.56,-1.54,-1.56,-1.88,-1.92,-2.12,-2.43,-3.2,-2.22,-2.48,-2.69,-0.82,-1.16,-3.42,-1.43,-2.34
20120518,-1.15,-0.75,-1.37,-0.79,0.67,-0.55,-1.68,-1.4,-1.24,-0.44,-1.67,-1.34,-1.78,-1.67,-1.66,-1.04,-1.09,-0.64,-1.87,0.43,-1.04,-1.37,-1.29,-0.61,-0.14,-0.2,1.8,-0.3,-4.07,-1.29,-0.24,-0.77,-0.92,-1.23,-1.44,-1.26,-1.01,-0.71,-2.03,-1.12,-1.39,-0.13,-0.91,-0.41,-0.9,-0.55,-1.19,-1.12
20120521,1.82,0.3,0.18,1.02,0.61,0.21,1.74,-1.05,1.65,2.29,0.92,1.82,3.15,3.3,0.98,2.65,2.1,2.32,3.49,1.62,2.63,1.6,2.58,2.29,2.72,1.21,2.76,3.34,5.21,4.51,0.95,1.59,1.73,1.76,2.17,2.35,2.23,1.68,1.93,2.68,1.52,1.87,1.48,0.67,1.42,-0.3,1.72,1.18
20120522,-1.28,-0.27,-0.28,0.19,0.38,-0.54,-0.79,1.77,-0.44,0.51,-0.86,-0.95,-1.01,-0.22,0.16,-1.62,0.43,-0.12,-1.85,1.95,-1.06,-0.37,-0.01,0.04,1.41,-0.6,-2.86,-3.04,-5.78,-1.74,0.26,-0.76,-1.21,-0.41,-0.04,-0.76,-0.89,-1.36,-1.04,-0.61,-0.26,-0.2,0.53,-0.62,-0.21,0.41,-0.98,-0.37
20120523,0.59,-0.14,0.73,-0.49,0.8,0.17,0.05,-0.66,-0.02,0.38,-0.11,0.08,0.22,0.61,0.72,1.45,1.14,0.64,1.2,1.56,0.32,0.56,1.27,0.37,0.09,0.27,2.47,2.05,5.27,1.22,-0.52,0.14,1.16,0.59,0.54,0.36,0.54,0.91,0.12,1.19,0.14,0.99,1.11,-0.08,0.04,0.6,0.39,0.57
20120524,0.18,0.21,0.88,1.57,3.48,0.2,1.04,2.77,-0.23,1.09,0.25,0.79,1.44,0.92,0.03,-0.53,0.21,0.73,-0.45,-0.9,-0.12,-0.13,0.4,-0.14,-0.18,1.04,0.79,0.96,-3.3,-1.08,0.56,-0.02,-1.46,0.03,-1.44,-0.59,0.21,-0.32,-0.24,0.97,-0.07,0.59,0.16,0.4,0.98,1.05,0.38,0.37
20120525,-0.12,0.39,0.44,-0.39,-0.06,-0.73,-0.23,-0.7,0.73,0.75,0.56,0.04,0.37,-0.14,0.27,1.03,-0.3,0.08,-0.59,-0.61,-0.02,-0.71,0.13,-0.94,-0.9,-1.25,1.85,1.55,-0.39,0.19,0.07,0.66,2.02,-0.03,-0.13,0.22,0.53,-0.55,-1.53,0.16,-0.2,0.23,0.83,0.13,-0.25,-1.24,-0.06,0.02
20120529,1.49,0.77,1.64,0.33,-0.27,1.19,1.6,0.41,1.64,1.03,0.82,0.24,1,1.68,1.59,0.59,1.66,1.47,2.5,-3.26,2.03,1.6,2.02,0.83,1.81,0.25,0.96,0.57,1.23,2.65,0.59,0.94,0.55,0.79,1.27,1.92,1.68,1.18,1.52,1.4,1.58,1.09,1.32,0.63,0.51,2.26,1.27,0.16
20120530,-0.38,-1.21,-2.42,-1.27,-1.27,-0.7,-1.8,0.17,-1.77,-1.92,-1.25,-1.7,-1.12,-2.33,-1.28,-1.66,-2.53,-3.14,-2.7,-0.9,-1.54,-0.96,-2,-1.29,-2.42,-1.27,-1.24,-2.3,-5.03,-3.61,-1.05,-1.69,-1.86,-1.4,-1.28,-1.26,-0.66,-2.07,-1.36,-1.9,-1.65,-1.69,-1.29,-1.17,-1.57,-0.77,-1.42,-1.04
20120531,-0.03,-0.49,-0.65,-0.36,0.72,1.04,-0.2,-1.81,-0.19,-0.12,-0.52,-0.05,-0.44,0.01,-0.01,-0.01,-0.65,0.24,-1.41,-1.26,-1.16,0.91,-0.2,0.05,-1.11,0.45,-0.99,-1.29,-1.77,-0.2,0.72,0.63,-0.32,-0.19,0.05,0.38,-0.01,-0.1,0.49,0.62,-0.6,0.28,0.25,0.59,0.19,0.42,0.26,-0.28
20120601,-2.17,-1.83,1.46,-0.73,-2.24,-1.79,-2.41,-3.47,-2.74,-3.9,-1.93,-2.2,-1.82,-3.81,-1.59,-2.6,-3.59,-4.57,-2,-1.44,-2.74,-3.62,-4.26,-2.62,-2.35,-3.06,4.5,-1.7,-1.81,-3.84,-0.74,-2.91,-2.4,-2.53,-3.16,-2.6,-3.66,-2.18,-2.39,-3.12,-2.89,-2.79,-2.89,-2.15,-2.27,-3.87,-2.14,-2.43
20120604,0.07,0.47,0.45,-1.26,0,-0.64,0.52,0.02,-1.13,-0.17,0.86,-0.43,0.38,-1.16,-0.24,-0.09,-1.32,-1.69,-0.1,0.68,-0.44,-0.71,-1.21,0,0.24,0.45,4.41,-0.05,-1.65,-0.19,0.3,0.45,0.61,0.25,0.19,-0.16,-0.41,-0.34,0.32,-1.47,-0.77,0.36,-0.12,-0.1,0.11,-0.65,-0.28,-0.2
20120605,1.09,0.43,0.83,0.97,0.39,0.28,0.24,1.92,0.7,0.55,1.19,0.58,1.07,1.45,0.34,0.79,1.03,2.09,1,0.37,1.45,0.15,1.09,0.34,1.13,0.21,1.01,0.47,-0.72,1.67,0.78,1.06,0.34,1,1.05,1.22,0.77,0.29,0.97,0.22,0.17,0.85,0.44,0.39,1.14,3.24,1.31,-0.15
20120606,2.57,1.67,1.51,1.96,1.78,0.74,2.25,3.13,0.36,2.08,2.2,1.64,1.55,2.87,2.87,2.29,2.89,4.45,2.69,2.2,2.72,2.69,3.64,2.4,4.58,2.01,1.43,3.14,0.74,3.61,1.49,2.34,2.78,2.21,2.63,2.84,2.14,2.31,1.64,3.2,1.95,2.1,1.72,1.25,2.69,1.45,3.71,1.66
20120607,-0.49,-0.21,-1.6,-0.55,0.72,0.41,-1.01,-1.19,0.03,-1.2,1.57,0.34,-0.31,-0.11,-0.31,-0.62,0.42,0.14,-0.38,0.61,-0.58,-0.46,-0.83,-0.6,0.51,0.14,-3.05,0.43,0.19,-0.02,-0.03,-0.56,-0.4,-0.51,-0.46,-0.56,-0.63,0.84,0.82,-0.57,-0.28,-1.29,-0.19,0.02,-0.67,-0.6,-1.04,-0.63
20120608,0.32,0.39,0.76,0.35,0.08,-0.28,1.35,1.76,1.86,1.42,1.46,0.73,1.56,0.36,1.02,1.96,1.69,0.92,0.9,2.39,0.55,0.4,1.84,0.06,0.97,1.15,1.37,-0.43,-0.49,-0.52,0.54,0.47,0.93,0.5,0.53,0.75,0.42,1.24,0.04,1.56,0.47,0.94,1.1,0.56,0.96,1.71,0.5,1.37
20120611,-1.93,-1.27,-1.06,-1.46,0.87,-0.9,-2.83,-0.96,-1.46,-1.68,-0.94,-1.06,-1.48,-2.58,-1.05,-2.95,-2.7,-3.58,-3.27,-3.06,-2.03,-1.41,-2.81,-0.91,-3.6,-2.08,-2.21,-3.58,-5.76,-2.35,-0.73,-1.37,-1.95,-1.38,-1.85,-1.78,-2.18,-2.3,-0.13,-1.58,-1.7,-2.22,-1.13,-1.47,-1.97,-1.95,-1.27,-2.78
20120612,1.25,0.45,1.96,1.51,0.78,0.23,1.14,-0.44,0.61,0.76,0.93,0.49,1.15,1.13,0.91,0.95,1.32,1.75,1.08,2.36,2.01,2.07,0.86,1.62,2.77,0.92,2.79,1.31,0.64,1.61,0.41,1.3,0.24,0.39,1.44,2.04,1.25,0.41,0.73,0.55,1.11,1.4,0.1,0.81,1,0.82,0.95,0.65
20120613,-1.43,0.27,0,-0.01,0.4,-0.78,-0.68,11.27,-1.06,-2.34,-0.11,-0.91,-0.51,-1.2,-1.53,-2.71,-1.53,-1.33,-1.07,-2.85,-1.72,-0.43,-2.05,-1.17,-1.3,-1.69,0.54,-0.58,-1.03,-2.08,-0.17,-0.89,-1.45,-0.75,-1.27,-1.22,-0.39,-1.21,-1.02,-0.33,-1.06,-1.88,-1.42,-0.41,-0.95,0.36,-0.74,-0.88
20120614,0.08,0.96,0.04,1.32,1.32,0.4,1.06,0.95,0.2,0.62,1.58,1.25,1.5,0.64,1.77,2.48,1.56,3.05,0.96,1.46,0.42,-0.62,1.08,1.06,2.46,1.27,2.85,2.26,1.98,2.23,0.7,1.61,0.9,0.92,0.66,0.44,0.94,0.66,0.43,1.21,0.6,1.6,1.5,1.01,1.39,2.26,1.13,0.36
20120615,0.68,0.16,1.65,0.33,0.94,-0.69,0.91,1.15,0.87,1.53,0.99,1.17,1.13,1.02,0.48,1.44,0.71,1.5,1.47,-0.3,0.97,-0.2,1.56,-0.24,0.72,-0.59,-1.22,1.98,3.12,2.48,0.27,0.95,1.18,1.41,1.75,1.46,1.09,0.2,1.76,0.35,1.03,0.82,1.48,1.07,0.66,1.08,1.28,1.41
20120618,-0.11,0.78,-2.26,0.57,1.83,0.74,0.31,0.26,1.58,0.02,-0.82,0.19,0.2,0.22,0.43,-1.3,1.23,1.1,-0.46,-0.48,0.08,0.81,-1.28,0.59,1.18,1.55,3.78,-0.31,2.81,-1.97,0.35,0.2,0.26,0.33,0.49,0.29,0.37,-0.28,-0.6,0.93,0.12,-0.2,0.14,-0.46,-0.11,0.44,-0.28,0.01
20120619,2.12,0.76,0.41,0.39,0.97,0.39,1.19,1.8,1.28,1.26,1.62,0.63,0.72,2.46,1.96,2.47,2.53,2.53,3.17,2.08,1.78,1.5,3.2,1.41,2.77,1.63,-0.34,1.87,4.3,2.51,0.46,1.09,3.03,1.38,1.82,1.45,1.23,2.19,0.33,2.02,1.98,1.51,1.14,1.05,1.43,0.8,1.24,1.19
20120620,-0.53,-0.08,0.4,-0.74,0.83,0.46,-0.22,-0.26,-0.37,-0.17,-0.05,-0.02,0.33,0.53,0.36,-1.25,-0.77,-1.15,0.14,-0.51,-0.31,-0.07,-0.41,0.22,0.38,0.78,-0.28,1,2.74,-0.78,-0.78,0.17,-0.3,-0.3,0.15,0.28,-0.45,-0.59,-0.17,-0.29,-0.08,0.09,0.02,0.16,-0.11,-1.84,-0.35,0.34
20120621,-1.34,-1.7,-2.84,-0.71,-1.78,-0.61,-1.37,-0.98,-2.12,-1.96,-0.72,-1.63,-0.73,-3.19,-2.13,-0.43,-2.88,-3.54,-3.29,-2.99,-3.03,-1.7,-3.51,-1.92,-2.49,-1.51,-6.75,-4.96,-6.95,-5.07,-1.26,-1.79,-1.78,-2,-3.19,-2.71,-2.21,-1.85,-1.72,-2.22,-2.09,-2.12,-1.48,-1.38,-2.15,-2.27,-1.97,-2.31
20120622,1.36,0.75,0.42,0.71,-0.6,1.08,1.01,2.3,1.35,0.96,1.66,1.4,1.53,0.34,1.24,0.22,1.19,1.45,0.8,-0.22,0.64,0.62,1,0.24,0.89,0.97,1.02,0.8,0.15,1.76,0.67,0.97,0.5,1.29,1.34,1.19,1.08,0.69,-0.1,0.47,1.11,0.92,0.43,1.1,1.07,-0.06,0.68,1.31
20120625,-1.52,-0.38,-0.37,1.6,-0.19,-0.09,-1.02,-1.09,-1.34,-1.65,-0.83,-0.91,-0.53,-0.77,-1.01,-1.73,-1.75,-1.85,-1.65,-1.55,-1.86,-1.14,-2.5,-1.05,-3.45,-1.34,-0.32,-2.87,-4.28,-3.08,-0.57,-1,-0.34,-1.29,-1.81,-1.83,-1.52,-1.53,-1.95,-2.27,-1.16,-1.08,-0.69,-1.04,-1.67,0.02,-1.48,-1.07
20120626,0.24,0.1,-0.53,1.13,0.27,-0.17,0.3,1.67,-0.34,-0.62,-0.03,0.38,0.54,0.73,0.17,0.95,0.8,1.49,0.09,-0.27,-0.05,-1.04,-0.66,-0.29,1.38,-0.08,-1.77,0.47,-3.67,0.9,0.33,0.39,0.8,0.28,-0.11,-0.33,0.1,-0.22,-0.66,0.21,0.28,0.72,0.53,0.46,0.67,0.15,0.1,0.14
20120627,1.75,0.85,1.22,-0.1,0.95,-0.25,0.94,0.63,0.79,0.51,1.24,0.75,1.55,0.04,0.68,0.81,1.44,2.94,1.66,2.01,1.52,0.95,1.25,1.28,2.12,1.61,-0.55,1.68,5.85,3.13,1.37,1.24,1.46,1.01,0.95,1.42,1.22,1.65,0.46,0.57,0.64,-0.06,0.07,1.27,1.12,1.09,1.14,0.55
20120628,-0.57,0.14,-0.14,0.41,0.36,-1.1,-0.55,-0.02,-0.5,-1.39,1.15,-0.15,-1.38,-1.11,-0.37,0.72,-0.44,0.35,0.44,-0.13,0.09,-0.16,1.81,-1.4,1.24,-1.04,-1.96,-0.37,2.33,0.82,0.29,-0.39,0.79,-0.46,-0.77,-0.54,-0.42,0.14,1.55,0.13,0.09,-0.06,-0.18,-0.53,0.44,-0.52,0.12,0.19
20120629,3.46,2.19,2.2,5.01,0.96,2.91,2.06,1.65,3.06,2.62,1.77,2.06,1.74,3.61,2.99,3.04,2.85,3.64,3.93,4.76,2.75,3.74,3.27,4.34,4.46,5.76,4.87,4.2,2.85,3.97,0.75,2.24,2.9,2.98,3.56,2.75,3.09,2.62,2.53,3.02,2.65,3.01,2.47,1.71,1.97,2.7,2.24,1.81
20120702,2.24,1.39,0.95,0.52,1.5,-0.09,0.35,1.84,0.65,0.03,0.77,0.78,1.82,0.22,1.31,-0.03,1.04,1.91,0.34,-0.61,0.75,0.39,0.17,-0.21,-2.7,1.51,1.3,0.01,2.89,0.15,0.9,2.14,0.9,0.68,0.35,0.17,0.01,0.07,0.28,0.88,1.61,0.64,0.49,0.68,1,0.31,0.91,0.84
20120703,1.68,0.8,2.73,-0.09,0.25,0.43,0.98,0.9,0.56,0.84,0.33,0.54,1.04,1.46,0.82,1.22,1.36,1.12,1.98,1.34,2.2,1.17,2.33,1.11,0.9,0.48,4.35,2.28,6.09,3.43,0.43,0.78,1.39,1.28,1.16,1.01,1.36,3.29,3.26,0.67,1.5,0.92,0.17,0.89,1.1,0.45,1.1,0.84
20120705,-0.65,-0.34,-0.18,1.25,-0.48,1.39,0.33,0.64,0.74,1.55,0.24,-0.66,0.76,0.1,0.33,0.06,0.37,0.72,0.12,0.36,0.43,-0.34,0.11,-0.32,0.55,-0.15,-1.99,0.17,2.97,-1.29,-0.51,0.13,0.04,-0.09,-0.07,0.24,-0.41,-0.09,0.08,0.22,-0.05,0.76,0.76,-0.26,-0.78,-0.49,-0.32,-0.37
20120706,-0.88,-0.33,-0.51,-1.12,0.21,0.16,-0.7,-1.03,-1.17,0.71,-0.93,0.34,0.08,-0.65,-0.62,0.71,-1.01,-0.35,-1.19,-0.93,-1.66,-1.15,-1.86,-1.63,-1.83,-0.09,-2.68,-1.02,-3.29,-1.58,-0.35,-0.68,-0.49,-1.38,-2.12,-1.76,-1.54,-0.05,-1.35,-0.71,-1.05,-0.78,0.01,-0.48,-0.64,-1.22,-1.48,-0.79
20120709,1.19,-1.44,1.83,-1.66,0.45,0.21,-0.72,-0.4,-0.39,-0.68,0.43,1.43,0.73,-1.22,-0.56,-1.28,-0.05,0.06,-1.16,-0.22,-0.5,0.1,-0.77,0.22,-1.3,0.53,-1.08,-0.68,-11.35,-0.47,-0.15,-0.34,-2.04,-0.64,-0.47,-0.77,-0.53,-0.49,-0.19,-0.3,-0.27,-0.28,0.2,-0.31,0.97,-0.06,-0.36,-0.32
20120710,-1.2,-0.85,0.56,-0.53,0.41,-1.66,-1.16,-1.77,-0.44,-0.16,-0.06,-0.87,-1.74,-1.26,-1.4,-0.85,-1.83,-2.2,-2.18,-1.26,-2.24,-1.18,-1.88,-0.86,-1.89,-0.78,-2.97,-1.61,-5,-2.87,0.05,-0.19,-1.67,-1.03,-1.57,-1.15,-1.31,-0.91,-0.33,-1.33,-0.58,-0.05,-0.42,0.13,-0.39,-2.1,-0.99,-0.79
20120711,-0.51,-0.27,-0.54,0.54,-0.26,-0.28,-0.33,-0.67,-0.01,-1.06,0.19,-0.03,-0.33,-0.75,-0.12,-0.17,-0.27,-1.49,-0.29,-1.89,-0.19,-0.9,-1.04,-1.24,-1.82,-0.43,-1.28,-0.92,1.18,0.92,0.63,-0.28,-0.35,-0.07,-0.31,-0.45,0.28,-0.3,0.55,0.43,-0.09,-0.98,-0.24,0.31,-0.05,2.03,0.61,0.15
20120712,0.39,-0.84,-0.63,0.65,-0.37,-0.5,-1.55,-0.44,-0.27,-0.13,-0.44,0.33,0.45,-0.81,-0.25,0.44,0.01,0.33,0.15,-0.49,0.17,-0.89,-1.17,-0.61,0.17,-0.21,0.78,0.53,0.3,-1.18,0.14,-0.77,-0.52,-0.29,-0.72,-1.32,-0.09,-0.39,0.1,-0.8,-0.2,-0.66,-0.3,-0.22,-0.52,-0.88,-0.53,-0.29
20120713,0.78,0.82,1.05,1.35,0.89,-0.56,1.08,1.71,1.7,1.67,1.01,1.1,1.1,1.44,1.66,0.93,0.34,1.81,1.33,2.17,1.26,0.94,2.03,2.48,2.66,2.35,1.09,1.74,0.32,2,1.37,0.95,0.32,1.16,0.35,0.93,0.76,1.38,1.04,1.77,1.02,1.37,1.2,1.4,1.87,1.64,1.78,1.27
20120716,-2.06,-1.25,-0.47,-0.98,0.04,-0.48,-1.54,-0.04,-0.76,-1.61,-0.11,-0.46,0.77,-0.31,-0.32,-1.49,-0.58,-0.77,-0.92,-1.19,-0.69,-1.32,-1.08,-0.25,-0.93,-0.54,-0.5,-0.54,-2.55,-0.09,-0.36,-0.65,-0.72,-0.57,-0.91,-0.92,-0.44,-0.65,-0.52,-1.03,-1.23,-0.58,-0.79,-0.44,-0.8,-0.81,-0.84,-0.51
20120717,0.56,-0.36,-0.64,0.01,0.11,1.05,1.32,0.01,-0.02,-0.03,-0.18,0.01,0.76,1.02,0.5,0.22,0.32,0.28,-0.35,0.02,0.29,0.28,0.48,-0.3,0,-0.3,-0.16,-0.55,0.3,1.26,0.26,0.19,-0.12,-0.11,-0.3,-0.32,0.43,1.13,1.55,-0.25,0.14,0.04,0.57,0.68,0.3,0.32,0.05,0.28
20120718,0.09,-0.03,-0.76,0.67,0.01,0.48,1.2,-0.17,0.44,1.59,0.47,0.16,0.61,0.35,0.91,0.34,0.24,-0.13,0.47,0.41,1.07,1.07,1.35,1.29,1.33,0.04,-0.51,0.07,0.13,0.49,0.29,0.64,0.58,0.46,1.26,1.64,1.37,0.28,-0.17,0.19,0.58,0.49,0.5,-0.09,0.63,-0.09,0.42,0.17
20120719,-0.54,-0.07,0.21,-0.22,-0.27,0.19,-0.82,-0.9,1.91,1.97,-0.99,-0.42,-0.52,1.02,-0.78,0.62,-0.41,-1.9,-0.08,0.16,0.46,-0.76,-0.43,0.96,-0.7,0.82,-0.43,0.38,-0.38,0.33,-0.01,-0.68,-0.29,0.26,0.88,0.41,0.08,-0.04,0.87,-0.72,-0.19,0.02,-0.44,-0.66,-1.22,-1.06,-0.92,-0.32
20120720,1.7,-0.76,0.62,-1.17,-0.15,-0.57,-1.22,-1.86,-1.29,-1.76,-0.81,-1.48,-0.74,-1.09,-1.01,-1.32,-1.95,-0.52,-2.59,-1.54,-0.87,-0.6,-1.58,-1.33,-2.17,-1.31,-2.78,-0.78,0.43,-0.33,0.19,-1.32,-1.25,-1.03,-1.09,-1.36,-1.46,-0.25,-1.19,-1.97,-1.3,-1.25,-2.08,-0.65,-1.51,-1.3,-2.12,-1.06
20120723,-1.97,-0.55,-1.32,-0.2,-0.97,0.01,-1.44,-1.51,-0.18,-1.76,-2.14,-1.34,-1.2,-2.25,-2.08,-2.07,-1.14,-0.83,-2.02,-1.67,-1.45,-1.84,-1.77,-1.55,-2.55,0.66,-3.24,-1.88,-0.54,-2.27,-0.53,-1.22,-2.13,-1.59,-1.83,-1.58,-0.91,-1.51,-0.64,-1.31,-1.53,-1.33,-1.8,-0.81,-1.16,0.63,-1.07,-0.64
20120724,-1.37,-0.64,-0.55,-1.55,-0.26,-2.46,-1.76,-2.63,-1.65,-0.67,-0.11,-1.24,-0.91,-1.36,-0.7,-0.66,-1.3,-2.54,-1.91,-0.9,-1.57,-1.46,-2.49,-2.79,-0.59,-0.72,-0.14,-2.37,-5.68,-2.29,-0.94,-1.2,-3.57,-1.27,-1.35,-1.3,-1.56,-1.18,-0.65,-1.41,-1.37,-0.87,-0.86,-0.44,-1.04,-2.36,-1.37,-0.35
20120725,0.64,0.3,-0.85,-0.13,-0.52,0.38,-1.65,-0.61,0.75,-0.5,0.16,1.14,0.7,1.63,0.3,-0.27,-1.46,-1.6,-0.71,0.42,-0.06,-0.43,-0.04,1.22,0.81,1.89,3.63,-0.12,-4.52,-0.37,-0.24,-0.18,-0.67,0.5,1.94,0.8,1.24,-1.3,-0.3,0.03,-0.4,0.1,-0.05,0.32,-0.13,0.02,1,0.37
20120726,0.05,0.63,-0.76,1.15,0.86,-0.03,-0.02,2.51,0.04,3.07,0.4,-0.07,0.98,-0.39,0.68,1.82,0.52,2.97,1.32,0.97,1.61,1.29,2.22,0.4,4.56,1.86,1.43,-0.33,0.52,1.76,1.04,1.72,-1.29,0.07,0.51,1.28,0.43,0.23,-0.32,1.55,1.08,0.75,1.04,0.58,0.71,0.57,0.53,0.32
20120727,1.53,1.57,1.18,0.91,1.18,1.84,1,2.49,1.44,2.59,1.12,1.03,1.95,2.32,1.71,1.55,1.48,1.54,2.75,2.71,2.97,1.41,3.82,1.61,5.39,2.62,1.62,1.77,7.73,2.33,1.32,2.79,2.35,2.26,1.87,2.79,2.06,2.2,2.13,3.3,2,2.04,1.51,1.37,2.14,0.64,1.84,1.66
20120730,0.24,0.28,0.15,0.55,0.67,-0.15,-0.29,-0.72,-0.71,-0.62,0.23,-0.9,-1.48,-0.42,-1.07,-0.59,-1.04,-0.01,-0.62,-1.06,-0.87,-0.39,0.02,-0.19,-1.51,0.21,0.86,0.18,0.79,0.23,0.44,-0.08,-2.17,-0.76,-0.49,-0.86,-0.89,-0.76,-0.92,-0.36,-0.14,-0.14,0.16,-0.59,-0.03,0.8,-0.25,-0.68
20120731,0.12,-0.25,-1.06,-0.15,-0.33,-0.8,-0.69,-0.54,0.01,-1.14,-0.88,-0.51,-1.42,0.19,-0.17,-1.04,-1.09,-1.81,-0.4,-0.98,-0.31,-0.94,0.32,-0.3,1.45,0.33,-2.13,2.93,1.44,-1.22,-0.89,-0.13,0.23,-0.24,-0.35,0.6,0.43,-0.58,1.25,-0.05,-0.24,-0.81,0.31,-0.07,-0.92,-1.5,-0.64,-0.32
20120801,-2.12,-0.95,1.57,-0.35,-0.25,0.75,-1.04,-1.7,-1.26,-2.72,-0.61,-0.78,-2.32,-1.81,-2.69,-0.71,-1.37,-1.84,-1.73,-2.73,-0.9,-1.19,-1.97,-2.53,-1.53,-1.53,-2.7,-3.88,0.38,-1.27,-0.23,-0.55,-2.86,-1.87,-1.57,-1.36,-1.43,-1.04,-1.94,-2.45,-1.89,-1.44,-1.69,-1.04,-1.12,-1.6,-2.07,-1.42
20120802,-0.22,0.35,-0.71,0.29,-1.03,-1.17,-0.83,-0.48,-1.42,-0.59,-0.62,-0.48,-0.93,0.47,0.02,1.63,0.66,0.72,-0.5,0.26,-0.55,0.41,-1.42,0.34,-0.85,-0.87,0.08,-1.63,-0.81,-1.95,-0.66,-0.43,-0.84,-0.01,0.04,-0.52,-0.76,-0.63,-0.94,0.11,-0.31,-0.94,-0.02,-0.13,-0.72,-0.22,-0.83,-0.96
20120803,3.08,1.18,1.49,1.33,1.38,2.46,1.89,3.1,1.27,2.61,1.88,2.02,0.72,2.26,2.73,2.39,3.66,3.24,2,2.56,2.76,1.87,3.17,3.31,1.91,1.38,2.85,3.1,1.77,3.23,1.51,2.01,1.4,1.99,2.16,1.9,2.43,1.62,1.73,2.14,2.35,1.95,1.68,2.15,1.46,3.78,3.47,2.01
20120806,0.61,0.12,2.2,-0.79,0.02,0.99,0.98,0.38,1.22,1.45,0.32,1.11,0.72,0.64,-0.21,0.53,0.59,0.65,1.23,0.43,0.47,0.99,1.91,0.42,-0.96,-0.11,3.7,1.09,1.13,1.4,0.16,0.72,1.2,1.22,1.14,1,0.61,1.1,0.28,0.77,0.7,0.65,0.02,0.19,0.53,0.68,0.08,-0.39
20120807,-1.08,0.71,-1.72,0.18,-1.51,-0.88,1.19,0.88,1.41,2.5,1.51,0.23,0.13,0.98,0.46,1.04,1.38,1.25,1.1,1.82,1.42,0.51,2.71,2.69,1.95,1.13,-0.88,-0.29,1.34,2.22,-0.37,0.35,1.65,0.69,0.81,0.84,1.24,0.47,0.46,-0.04,0.89,1.32,0.7,0.38,0.88,0.08,1.34,0.04
20120808,1.23,1.05,-1.79,-0.97,0.1,0.08,-0.34,0.68,0.54,-0.22,0.31,-0.67,-1.28,0.03,-0.55,-1.14,-0.4,0.83,0.06,-2.37,0.29,-0.78,-0.59,0.46,-0.77,0.02,-1.37,-0.89,-1.99,-0.51,-0.18,0.77,0.55,-0.16,-0.81,-0.35,-0.38,-0.53,1.44,-0.26,-0.15,0.28,-0.37,0.21,0.41,0.17,-0.1,-0.24
20120809,0.19,-0.29,0.57,0.37,-0.5,0.84,-0.88,-0.86,-0.12,0.59,-0.49,0.65,0.27,0.66,0.01,-0.04,0.04,1.28,0.65,4.06,0.86,1.32,-0.02,0.33,1.92,1.66,1.69,0.97,6.03,0.8,0.15,0.19,0.42,0.47,1.22,0.95,0.59,0.55,-0.45,-0.54,0.31,0.23,0.23,0.11,0.2,1.7,0.47,0.41
20120810,-0.37,-0.43,-0.29,0.68,0.86,0.88,-0.28,-0.32,-1.07,-0.59,0.14,0.08,-0.15,-0.24,-0.44,-0.86,-0.51,-0.49,0.31,-1.55,-0.2,-0.27,0.45,-0.59,-0.66,-0.54,0.75,-0.69,0.45,-0.93,0.06,0.62,-0.08,-0.19,0.22,0.05,-0.31,0.23,-0.22,0.07,0.01,-0.4,-0.63,-0.27,0.2,-1.72,-0.65,-0.1
20120813,0.1,0.13,3.61,-2.07,0.37,-0.01,0.08,0.02,0.21,-0.15,0.1,-0.65,0.43,-0.46,-0.75,0.1,0.14,-0.6,-0.82,-2.23,-0.15,0.03,0.18,-0.09,-0.77,0.37,-1.33,-0.99,-1.43,-0.92,-0.32,-0.57,-0.65,-0.21,-0.46,-0.14,-0.14,1.69,0.14,-0.41,-0.72,-0.04,-0.36,0.11,-0.06,1.72,-0.49,0.33
20120814,0.04,-0.3,0.54,0.85,0.77,0.54,-0.4,-0.75,0.16,-0.57,-0.74,-0.13,0.13,-0.68,-0.35,-0.69,0.43,-0.78,-0.98,1.75,-0.76,-0.42,-1,-0.12,-1.22,0.74,-0.55,0.09,-2.29,-0.39,0.15,-0.21,-0.73,-1.13,-1.62,-1.3,-0.65,-0.97,1.05,0.28,0.22,-0.35,-0.42,-0.3,-0.43,-0.34,-0.22,0.04
20120815,1.84,1.39,0.72,1.13,-0.18,-0.37,0.42,1.93,0.79,1.35,1.68,0.77,0.43,0.68,0.53,1.63,0.03,0.85,0.58,1.11,0.37,-0.22,0.62,0.52,0.39,-1.31,1.68,1.5,-0.73,0.5,-0.04,0.87,1,0.55,1.69,0.96,1.41,0.18,0.47,0.94,0.25,0.46,0.54,0.97,0.75,0.94,0.32,-0.11
20120816,1.52,0.58,0.95,0.43,0.58,1.68,0.93,2.03,0.9,0.42,0.82,0.35,0.8,1.28,1.64,0.96,1.75,2.89,1.63,0.38,1.83,0.88,1.39,1.64,1.39,0.08,2.32,1.32,0.59,1.65,0.13,-0.19,1.69,1.1,1.32,1.36,0.73,2.01,0.98,0.66,1.04,0.95,0.82,0.63,0.87,0.95,0.72,1.14
20120817,1.03,0.36,0.59,0.71,0.02,2.07,0.29,0.85,0.52,1.42,0.75,0.99,0.44,0.19,1.79,0.04,0.59,0.59,0.85,1.67,0.9,0.42,1.55,1.05,0.66,0.31,1.06,-0.42,-0.18,0.36,0.17,0.5,2.23,0.68,0.92,1.1,0.64,0.87,0.92,0.51,1.02,0.71,0.2,0.82,0.41,0,0.68,0.71
20120820,-1.48,0.23,1.01,-0.67,-0.45,-0.57,-0.51,-0.43,-0.99,-1.34,0.16,0.14,-0.33,-0.09,-0.21,0.04,-0.97,-0.83,-0.07,0.3,-0.49,-0.31,-0.93,0.02,0.03,-0.01,0.54,-0.23,1.34,-0.7,-0.03,-0.55,-0.1,-0.24,0.48,-0.51,0.15,-1.2,-0.21,0.03,-0.5,-0.63,-0.27,-0.07,-0.21,0.88,-0.41,-0.16
20120821,-0.95,-0.09,-0.65,-0.53,-1.17,0.49,-0.07,2.2,-0.68,0.78,0.66,-0.36,-0.33,-0.17,-0.81,-0.68,0.2,-0.57,0.48,-0.48,-0.24,0.18,-0.4,-0.15,-0.07,-0.79,3.44,0.12,2.33,-0.21,-0.44,-0.61,0.05,-0.24,-0.38,-0.08,-0.67,0.28,-1.12,0.01,0.12,-0.18,-0.16,-0.06,0.09,-0.06,0.21,-0.29
20120822,0.05,-0.06,-1.2,0.49,-0.98,-0.68,-0.59,-1.23,-0.5,0.33,-0.02,-0.77,-0.02,0.36,-0.82,-0.93,0.26,0.4,-0.64,0.21,-0.55,-1.53,-0.77,-0.92,0.24,-1.19,0.78,0.8,1.22,0,-0.34,-0.81,1.09,-0.34,0.32,-0.81,-0.37,-0.5,0.33,-0.59,-0.69,-0.05,-0.03,-0.43,-0.18,-0.2,0.21,-0.03
20120823,-1.97,0.17,-1.9,-0.72,-1.27,-0.26,-1.08,0.54,-1.25,-1.6,-0.39,-0.35,0.03,-1.1,-0.61,-0.69,-0.73,-0.43,-1.63,-2.03,-0.62,0.16,-1.22,-0.89,-1.16,-1.45,0.07,-0.15,-3.27,-1.23,-1.08,-0.06,-1,-0.45,-0.38,-0.54,-0.6,-0.73,-1.5,-1.01,-0.67,-0.65,-1.16,-0.66,-0.85,-1.12,-0.55,-0.77
20120824,0.92,1.17,0.56,0.26,1.3,1.43,0.44,-0.22,0.5,0.65,0.48,0.26,1.07,-0.01,0.35,0.82,0.71,1.19,-0.3,1.64,-0.05,0.13,-0.37,0.06,-0.31,0.98,-0.23,1.38,-0.06,0.45,0.52,0.52,-0.54,0.3,0.45,0.41,0.68,0.25,-0.05,-0.25,-0.03,0.43,0.41,0.64,0.44,1.2,0.61,0.29
20120827,1.55,0.12,0.8,0.94,0.54,0.34,0.06,0.59,0.38,-0.26,-0.03,0.21,0.21,-0.74,-0.1,0.8,0.35,-0.88,-0.53,-1.26,-0.25,0.2,-0.38,0.03,-1.13,0.5,-1.18,-1.91,-2.07,-0.14,0.21,-0.35,-0.5,0.1,-0.25,-0.12,0.35,0.04,-0.68,-0.47,0.15,0.23,0.36,0.18,0.12,0.6,-0.28,0.28
20120828,-0.14,0.55,0.04,-0.24,0.46,0.69,-0.46,0.03,0.64,0.9,0.69,0.08,0.77,-0.01,0.45,0.38,0.01,0.62,-0.17,-0.77,0.08,0.06,0.18,0.19,-0.16,0.79,1.19,0.54,-0.11,0.61,-0.09,0.03,0.17,0.27,0.71,0.43,0.8,0.73,2.06,-0.22,0.34,0.67,0.34,0.44,0.64,-0.34,0.25,-0.25
20120829,0.67,0.03,0,0.83,0.15,-1.38,1.29,-0.02,0.69,1.45,0.24,0.71,0.29,0.21,0.37,0.74,-0.2,-0.27,1.37,-1.08,0.33,-0.54,0.13,0.12,0.09,0.55,0.2,-0.47,-0.46,-0.78,0.11,0.63,0.52,0.61,0.3,0.32,0.22,0.88,0.49,-0.19,0.67,0.77,0.35,0.48,0.49,0.27,0.21,0.13
20120830,-1.07,-0.92,-1.27,-0.98,-0.37,-0.94,-1.59,-0.44,-0.92,-0.61,-0.6,-0.48,-0.64,-0.97,-0.86,-0.11,-0.84,-1.34,-1.19,0.11,-1.22,-0.79,-1.33,-1.12,-2.12,-0.15,-1.64,-1.6,-1.88,-1.52,-0.67,-1.07,-0.93,-0.93,-1.38,-1.51,-0.94,-0.64,-0.08,-0.8,-1.28,-0.35,-0.59,-0.78,-0.74,-0.99,-0.91,-0.89
20120831,1.07,0.37,0.63,0.77,-0.85,0.2,-0.16,0.69,0.02,0.54,0.52,0.08,0.54,1,1.26,0.74,0.92,1.1,0.34,-0.09,0.85,0.13,1.05,0.6,0.67,-0.56,3.87,1.44,0,0.83,-0.18,0.57,0.4,0.5,0.01,0.63,1.3,0.8,0.73,0.33,0.97,-0.06,0.03,0.39,0.18,0.59,0.11,0.64
20120904,0.06,-0.06,3.43,0.82,0.74,0.09,-1.13,1.21,0.34,1.05,0.97,1.15,1.21,0.17,0.59,2.08,-0.01,0.6,0.73,0.92,0.05,0.95,1.08,-0.36,0.25,0.1,1.96,0.03,-2.81,-0.1,0.87,0.08,1.39,0.75,0.52,-0.01,-0.28,-0.08,-0.26,0.11,-0.14,0.78,0.53,0.54,0.6,0.36,0.66,0.41
20120905,-0.01,-0.2,0.94,-0.45,-0.26,-1.7,-0.94,1.52,-0.26,-0.24,-0.17,-0.41,0.12,0.15,-0.05,-0.25,-0.11,-0.42,-0.52,-0.46,-0.4,-0.89,0.14,-0.18,-0.08,2.23,-0.3,-0.1,0.26,0.21,-0.28,0.42,0.61,0.29,-0.14,-0.46,-0.28,-1.03,-0.25,0.21,-0.23,0.13,-0.06,-0.02,0.02,0.49,0.18,-0.36
20120906,2.56,1.13,2.05,2.18,0.43,1.86,1.02,1.5,1.81,1.67,1.78,1.13,1.27,1.56,1.1,1.68,0.83,1.79,2.45,2.13,1.78,0.61,3.04,1.62,3.47,1.82,2.85,1.98,3,1.93,1.38,2.03,3.19,1.3,2.08,2.06,1.6,1.56,1.57,1.22,1.32,2,1.87,1.16,1.71,1.46,2.24,0.96
20120907,0.3,0.08,-0.72,0.4,-0.88,-0.21,-0.03,0.6,-0.16,1.27,-0.51,-0.04,0.58,1.48,0.93,0.96,1.48,1.39,3,1.36,0.9,0.68,1.59,0.88,2.55,1.1,3.53,4.79,6.13,1.88,-0.23,0.31,1.08,-0.04,0.42,-0.12,0.82,1.06,1.84,0.4,1.08,0.45,0.63,0.35,0.46,0.21,0.56,0.72
20120910,0.36,-0.11,-0.79,-0.14,0.12,-0.74,-3.07,0.19,-0.19,0.29,0.4,-0.01,-0.53,-0.31,0.23,0.65,0.12,-0.23,1.47,-2.5,-0.66,0.06,-0.42,-0.94,0.03,-0.32,-3.08,-0.19,-0.73,0.03,-0.12,-0.38,-0.58,0.02,0.03,-0.42,-0.66,-0.17,0.14,0.43,0,-0.14,0.29,-0.52,-0.07,1.07,-0.42,0.23
20120911,-0.14,0.12,0.17,-0.47,-0.23,0.16,1.07,0.43,0.27,-0.37,0.21,0.24,0.25,0.21,0.02,-0.57,0.37,1.89,1.35,-0.87,0.77,1.03,0.73,0.41,1.15,0.43,0.44,1.08,2.79,1.91,-0.02,0.68,0.85,0.22,0.16,0.65,-0.24,0.31,-1.43,0.68,-0.15,0.17,0.14,0.46,0.53,0.33,0.82,-0.16
20120912,1.24,-0.07,0.8,-0.24,-1.4,-0.54,1.55,0.58,0.66,0.65,0.48,-0.11,0.7,-0.04,0.52,0.45,0.38,1.31,-0.05,0.4,0.35,1.37,0.54,0.35,1.17,0.85,0.45,2.01,0.06,0.4,-0.29,0.49,0.28,0.84,0.76,1.22,0.24,-0.14,-0.03,1.21,0.76,0.66,0.03,0.28,0.04,1.67,-0.07,0.4
20120913,1.12,1.1,1.5,0.36,1.87,0.68,0.73,1.43,1.29,0.68,1.65,0.63,1.14,2.84,1.37,1.49,1.37,2.67,2.53,1.08,1,3.73,1.51,1.21,1.05,0.75,6.01,4.27,4.38,2.29,1.29,1.32,0.75,1.16,0.32,0.86,0.51,1.93,1.61,0.17,0.89,1.06,0.69,1.06,1.07,1.64,0.92,0.67
20120914,0.23,-0.12,-0.51,-0.35,-0.74,1.41,0.18,1.52,1.93,0.69,1.02,0.11,0.26,1.75,0.93,1.52,1.07,1.46,2.05,0.35,1.51,0.54,1.77,0.3,1.59,0.65,0.51,2.43,2.15,2.76,-0.26,0.53,1.1,0.84,0.93,1.23,1.18,3.16,0.19,-0.45,0.88,0.61,0.06,0.65,0.73,1.17,1.3,0.74
20120917,-0.16,-0.13,-0.44,0.98,0.5,-1.33,-0.35,-0.49,-0.62,-0.29,-0.35,0.86,0.6,0.53,-1.05,-0.06,-1.25,-1.4,-1.74,-1.34,-1.04,-0.23,-1.57,-0.9,-1.06,0.96,0.49,-2.51,-2.39,-0.67,-0.54,-0.24,-0.1,-0.37,-0.53,-0.67,0.24,-2.15,-1.59,-0.72,-0.68,-0.71,-0.27,-0.46,-0.61,-0.56,-0.26,0.72
20120918,0.62,-0.13,-1.11,-0.02,0.23,-0.27,-0.36,-0.43,-0.33,-1.07,0.57,0.81,1.75,-0.8,0.15,-0.6,0.25,-0.58,-0.61,-0.36,-0.49,-0.14,-0.55,-0.59,-1.23,-0.2,0.96,-0.14,-0.58,-1.03,-0.1,0.41,1,0.08,-0.2,0.43,0.66,-1.11,0.08,-0.96,-0.33,-0.76,-0.12,0.11,-0.28,-1.27,-0.42,-0.47
20120919,0.98,0.34,1.17,-0.13,0.03,-0.97,-0.07,-0.32,0.49,-0.12,0.39,0.28,0.84,0.35,0.4,0.09,0.09,0.86,-0.46,0.26,0.36,0.59,0.41,-0.03,1.04,-0.19,0.69,0.93,-1.07,-0.73,0.03,0.38,-0.45,0.12,-0.11,-0.31,-0.19,-0.18,1.22,0.76,0.07,0.73,0.11,-0.12,-0.06,-0.68,-0.14,-0.3
20120920,0.55,-0.16,-0.45,-0.54,1.16,-1.03,-0.52,-0.59,-0.08,-0.43,0.22,0.33,0.33,-0.02,-0.27,-0.53,-0.13,-0.37,-1.19,0.04,-0.84,-0.35,-1.08,-1.04,-3.31,-0.73,-0.95,-0.22,-1.18,-0.04,0.18,0.14,-1.68,-0.05,0.27,-1.4,-0.28,-0.48,-0.43,-1.83,-0.32,-0.48,-0.17,-0.32,-0.28,0.49,-0.46,-0.92
20120921,-0.07,-0.51,-0.63,0.25,0.55,0.17,-0.09,-0.43,1.17,-0.48,0.35,0.86,1.11,-0.35,0.69,-0.48,0.86,1.67,0.38,1.87,0.88,1.01,0.31,-0.14,1.81,0.42,1.72,-0.51,-1.44,0.51,0.52,1.19,0.17,1.02,-0.1,0.31,0.89,1.51,0.18,0.03,0.3,0.3,0.59,1.09,0.45,-0.26,0.3,-0.04
20120924,0.17,-0.02,-1.54,2.61,-0.2,-1.53,-0.37,-0.14,-0.38,-0.61,-0.23,-0.09,-1.04,-0.92,0.32,0.24,-0.21,-1.17,-0.56,0.27,-0.7,-0.83,-0.06,0.19,-0.3,-1.68,-3.7,-1.08,-1.91,-1.16,0.84,-0.06,-0.18,-0.33,-1.06,-0.75,-0.15,0.46,0.51,0.48,-0.25,-0.35,0.24,-0.14,0,0.12,0.06,-0.41
20120925,-0.82,-0.99,-0.86,-1.08,-0.85,-0.37,-1.13,-1.9,-1.24,-1.59,-0.06,-0.32,-0.71,-1.67,-1.6,-0.11,-1.51,-2.39,-2.41,-1.7,-1.65,-1.6,-3.05,-1.08,-1.38,-0.12,-2.36,-2.21,-2.89,-1.9,-0.43,-0.91,-2.35,-1.5,-1.55,-1.98,-1.23,-1.3,-1.02,-1.5,-1.28,-1.33,-0.82,-0.48,-1.14,-1.62,-2.1,-0.87
20120926,-0.83,0.06,-0.72,-1.08,0.29,-0.62,0.09,0.14,-0.76,-0.13,-0.35,-0.86,-1.3,-1.26,-0.65,-0.54,-1.73,-2.41,-0.38,-1.88,-1.03,0.6,-0.47,0.16,-2.47,0.4,1.31,-1.21,0.59,-1.42,0.16,-0.32,0.55,-0.41,-1.38,-0.8,-0.56,-0.12,-0.33,-0.02,-0.64,-0.32,-0.33,-0.04,0.97,0.03,-0.22,-0.03
20120927,-0.51,0.61,1.72,1.62,-0.34,0.79,1.01,0.61,1.4,1.11,1.39,0.84,0.94,0.81,1.24,1.22,1.8,1.18,0.51,1.28,0.89,0.46,1.06,0.72,1.26,1.61,3.54,1.99,1.45,2.14,-0.23,1.19,0.91,1.33,1.66,1.35,0.67,0.51,0.66,0.73,0.9,0.85,0.37,0.54,0.82,0.96,0.5,0.6
20120928,-0.24,-0.26,-1.11,-1.43,-0.67,0.5,-0.38,-0.78,-0.45,-0.43,-0.5,-0.61,-0.51,-0.57,-0.51,-1.22,-0.36,-1.31,-0.79,0.67,-0.45,-0.02,-0.19,-0.51,-1.48,-2.23,-1.12,-0.55,-0.81,-0.54,0.07,-0.41,-0.72,-0.17,-0.15,-0.98,-0.46,-0.08,1.2,-1.06,-0.37,-0.43,-0.55,-0.22,-0.41,-1.28,-0.6,0.25
20121001,0.24,0.2,0.7,-0.52,0.42,-0.33,0.41,-0.35,0.64,-0.46,0.76,0.46,0.28,0.5,0.5,0.31,2,0.45,0.91,3.91,0.27,0.37,0.66,0.26,-0.05,1.04,-0.78,0.85,0.64,0.27,-0.21,0.23,1.01,0.01,-0.37,-0.4,0.19,0.12,-0.47,0.03,0.65,0.25,0.05,0.35,0.64,-0.05,0.41,-0.16
20121002,2.18,0.44,0.29,-0.14,0.24,-0.02,-0.01,0.64,-0.3,-0.04,-0.1,-0.05,-0.11,-0.03,0.57,0.71,-0.02,1.06,-0.44,0.41,-0.13,0.31,0.4,-0.2,1.43,-0.11,-0.34,-0.79,-0.54,-0.08,0.19,0.37,-0.06,0.11,-0.27,-0.18,0.36,0.03,-0.01,-0.08,-0.05,-0.67,-0.24,0.17,0.57,-0.46,-0.07,0.28
20121003,0.11,0.06,-0.99,0.84,0.88,-0.02,0.02,0.55,0.24,-0.71,-0.35,0.75,1.36,-0.56,0.86,0.68,-0.1,1.43,-0.93,-2.34,-0.37,0.11,0.27,-0.21,-1.48,-1.94,-0.77,-1.03,-1.2,-2.06,0.33,0.39,-0.52,0.29,0.08,-0.37,-0.09,-0.01,0.49,0.57,-0.18,0.01,-0.26,0.16,-0.08,1.58,0.26,-0.13
20121004,2.3,0.39,0.62,-0.05,0.34,0.13,0.28,0.69,0.77,0.95,0.12,1.17,0.63,0.88,0.69,0.84,0.77,0.95,1.07,1.41,0.85,-0.16,1.52,0.47,1.18,-0.34,2.97,1.02,3.63,1.05,0.61,1.15,1.76,0.52,0.44,0.68,0.36,0.55,-0.46,0.84,0.74,0.89,0.08,0.76,0.97,0.72,0.8,0.19
20121005,-0.93,-0.28,-0.06,0.85,0.19,0.19,-0.26,0.55,0.59,-1.04,-0.64,-0.18,-0.19,0.01,0.97,0.89,-0.23,0.47,-0.05,-0.19,-0.09,-1.02,-0.09,-0.34,0.51,-0.18,-1.64,-0.46,-0.59,-0.81,-0.04,-0.01,0.04,-0.61,-0.56,0.04,0.06,0.16,1.42,-0.07,0.03,-0.09,-0.64,0.08,0.49,-0.26,-0.77,0.16
20121008,-0.51,-0.24,0.73,-0.65,-0.15,-0.78,0.05,-0.06,0.12,-0.38,0.07,-0.4,-0.89,-0.61,-0.41,-0.45,-0.33,-1.92,-0.02,-0.6,-0.71,-0.7,-0.78,-0.61,-0.18,0.53,0.21,-0.43,0.91,-0.73,-0.1,-0.61,0.28,-0.31,-0.47,-0.82,-0.25,-0.7,-0.27,-0.09,-0.47,0.03,-0.08,-0.34,-0.22,0.39,-0.56,-0.09
20121009,-1.66,-0.61,0.86,-1.48,-1.67,-2.15,-1.14,-0.97,-1.98,-1.06,-2.12,-1.8,-1.69,-0.76,-1.81,-0.76,-1.62,-1.54,-0.2,-0.4,-1.18,-0.35,-1.72,-1.11,-1.05,-1.67,-2.2,-1.42,4.31,0.44,-0.16,-1.46,-0.97,-1.76,-1.21,-1.82,-1.84,-0.82,-0.78,-0.98,-0.8,-1.31,-0.92,-0.74,-0.96,-1.73,-0.98,-0.67
20121010,-0.62,-0.65,-0.81,-0.21,-0.52,-1.16,-0.19,0.5,-0.47,0.36,0.28,-0.06,-0.57,-0.72,-0.52,-0.42,-0.6,-0.09,-0.66,0.22,-0.81,0.07,-1.78,-0.02,-0.78,0.72,0.36,-1.2,-0.92,-1.45,-0.09,0,0.04,-0.35,-1.36,-0.89,-0.61,-0.13,-1.08,-0.32,-0.56,-0.35,0.02,0.44,0.14,-0.92,0.01,-0.01
20121011,1.24,-0.22,-0.6,0.07,-0.85,0.87,0.29,0.85,0,1.21,0.05,0.16,0.83,0.64,0.31,-0.03,0.65,-0.27,0.61,1.29,0.44,1.06,0.18,0.29,0.47,-0.79,1.06,0.74,7.23,1.01,0.14,0.98,1.35,0.47,0.47,0.49,-0.18,0.42,1.31,0.1,0.49,0.17,0.06,0.21,0.19,1.98,0.51,0.39
20121012,1.07,-0.26,-0.11,0.03,0.44,0.98,-0.3,-0.06,-0.25,-0.57,-0.2,-0.47,-0.63,-0.75,-0.64,-0.97,-0.45,-0.15,-1.48,-0.99,-0.44,-1.58,-0.73,0.23,-0.06,0.16,-2.16,-1.97,-1.86,-0.45,-0.67,-0.18,-1.27,-0.39,-0.74,-0.6,-0.44,-0.55,-0.7,0,-0.78,-0.46,-0.32,-0.84,-0.46,-0.73,-1.13,-0.1
20121015,0.44,0.4,1.73,1.39,0.81,-0.6,0.72,0.3,0.56,1.09,0.51,0.31,0.94,0.66,0.7,1.07,1.43,0.78,0.87,0.51,0.62,0.3,0.47,0.6,0.23,0.27,-0.89,0.68,4.1,-0.13,0.56,0.41,1.03,0.46,0.68,0.71,-0.68,0.86,3.26,0.59,0.65,0.43,0.56,0.42,0.69,0.48,0.94,0
20121016,1.09,0.76,0.21,0.18,0.26,1.72,1.81,1.57,0.83,1.62,-0.34,0.83,0.51,1.14,0.23,0.38,1.11,0.36,1.92,-0.82,1.66,-1.86,1.14,1.05,1.96,1.76,2.5,2.29,-0.23,1.18,0.39,0.7,-0.4,1.01,1.4,1.54,0.74,1.06,1.97,0.45,0.95,0.75,0.65,-0.05,0.89,0.66,0.64,0.92
20121017,-0.18,0.87,0.88,2.14,0.5,0.42,1.02,0.42,0.96,0.07,0.5,-0.12,0.71,0.95,1.64,1.82,1.6,1.9,1.36,0.53,0.87,-0.75,1.13,-0.21,2.22,1.33,0.87,1.18,3.28,1.13,1.12,0.82,-0.77,-0.19,-0.75,0.47,0.69,0.23,0.63,0.24,0.99,0.37,0.56,0.72,1.01,0.29,1.22,0.71
20121018,0.21,-0.01,-1.1,-1.09,-1.83,3.62,-0.15,-1.47,0.83,-0.12,-0.9,-1.28,-1.19,-0.18,0.01,1.59,0.31,0.47,0.11,0.09,0.15,0.79,-0.95,0.55,0.11,0.14,-2.41,-1.17,0.38,-0.55,-0.1,-0.66,-0.72,-0.97,-0.9,-2.01,-0.95,-0.24,-0.4,-0.33,-0.26,-0.56,-0.25,-0.61,-0.26,0.54,-1,0.13
20121019,-1.94,-1.75,-1.48,-0.64,-0.94,-1.55,-1.57,-1.46,-1.37,-1.62,-1.28,-1.72,-2.73,-1.8,-1.27,-1.11,-1.36,-1.22,-2.32,-3.15,-1.93,0.89,-2,-1.42,-1.26,-1.72,-1.52,-2.34,-2.51,-2.02,-1.05,-1.57,-2.6,-2.12,-1.72,-1.85,-1.63,-2.03,-0.95,-1.59,-1.77,-1.38,-2.48,-0.77,-1.63,-1.14,-1.84,-1.52
20121022,-0.21,-0.06,-2.28,-0.62,0.82,-0.79,-0.56,-0.23,-0.35,-0.83,0.23,0.34,-0.89,-0.27,-0.34,-0.69,0.39,-0.59,0.88,-0.22,-0.07,1.78,0.61,-0.19,0.31,-1.05,1.67,0.55,5.93,-1.44,-0.39,-0.03,0.01,-0.05,-0.4,-0.1,-0.09,0.02,0.18,-0.94,0.02,-0.18,-0.31,0.26,0.22,-0.11,0.11,0
20121023,-0.94,-0.55,-0.8,-0.91,-1.12,-1.02,-0.71,-0.76,0.39,-0.07,-0.82,-0.34,-1.21,-1.18,-1.21,-0.44,-0.57,-1.3,-1.52,-0.11,-0.61,-1.89,-1.41,-0.89,-0.1,-1.42,-3.3,-2.06,-2.19,-1.8,-0.77,-0.98,-0.49,-0.36,-0.46,0.14,-0.31,-0.23,-1.24,0.74,-0.44,-0.34,-0.6,-0.36,-0.91,-0.67,-0.47,-0.5
20121024,0.15,0.07,0.18,0.07,-0.94,0.42,-0.63,0.78,-1.22,-0.09,-0.03,0.09,-0.35,0.77,4.37,0.2,0.48,0.79,-0.71,-0.14,-0.88,0.78,-0.73,-0.47,0.46,-0.34,-1.18,-0.33,-3,-1.22,-0.25,0.01,0.37,-0.17,-0.88,-0.58,0.05,-0.8,-0.56,-0.65,-0.48,-0.26,-1.14,0.09,0.08,1.22,0.05,-0.81
20121025,0.74,0.56,-1.2,-0.43,0.36,-0.17,1.11,-2.01,0.14,-1.19,0.3,0.24,0.34,-0.16,-0.32,0.45,0.06,0.51,0.16,1.42,0.9,0.32,0.82,-1.44,-0.88,0.04,2.29,0.54,-0.25,0.54,0.52,-0.08,-0.79,0,-0.46,0.08,0.17,0.2,1.96,-0.1,0.79,-0.19,0.66,0.42,0.51,0.57,0.71,0.59
20121026,-0.39,0.03,-0.41,-0.6,-0.26,-1.61,0.21,-0.65,-0.13,-0.84,-0.52,0.53,-1.25,-0.04,0.15,-0.4,-0.64,-1.22,-0.36,-0.24,-0.03,-1.02,-2.01,0.1,0.37,3.45,-0.81,-1.04,3.41,-0.08,-0.12,0.58,0.54,-0.04,0.47,0.52,0.05,0.43,0.03,0.14,-0.1,-0.03,-0.25,-0.06,-0.74,0.12,0.08,-0.2
20121031,0.35,1.11,1.11,-0.49,0.32,1.56,0.8,1.82,0.98,1.93,-0.67,0.54,-0.7,0.27,0.62,2.21,1.71,1.86,-0.58,0.74,1.12,-0.1,1.26,1.25,0.74,0.79,0.57,1.27,-0.3,0.31,0.58,0.58,0.37,0.3,0.21,0.11,0.09,0.46,0.25,1.25,0.99,0.76,0.9,0.65,0.2,8.66,0.56,0.86
20121101,0.83,1.46,-0.91,-0.25,0.09,1.53,0.16,1,0.56,2.41,2.1,-0.11,0.12,1.7,1.44,2.36,3.28,0.66,2.98,-1.18,1.91,1.3,3.54,1.69,-0.92,-0.35,-0.8,0.39,2.57,0.89,-0.24,0.22,1.82,1.35,1.65,1.82,0.57,1.61,2.66,0.37,1.78,1.41,1.04,0.35,0.83,9.83,1.01,0.42
20121102,-1.15,-0.92,-1.76,0.96,-1.09,-0.52,-0.82,-1.77,-0.85,-0.77,0.19,-0.64,-1.53,-1.53,0.31,-2.13,-2.25,-1.15,-1.97,-0.51,-1.26,-0.6,0.41,-1.8,-0.33,-0.86,-4.19,-1.01,-3.58,-2.14,-1.26,-1.36,-0.71,-1.35,-1.26,-1.47,-0.91,-1.29,-2.29,-0.49,-0.43,-0.72,-0.63,-0.72,-1.09,-1.41,-1.24,-1.83
20121105,0.16,-0.25,6.95,-0.05,0.49,1.38,0.16,-0.98,0.63,1.04,0.73,0.99,1.02,0.74,0.73,1.58,0.88,2.33,0.36,1.41,1.05,1.49,0.25,0.63,-0.6,0.33,-0.5,0.56,1.64,0.88,-0.55,-0.39,-0.23,0.26,0.59,1.25,0.94,0.75,-0.28,0.61,0.39,0.43,0.26,0.18,0.24,1.89,0.35,-0.03
20121106,0.63,1.57,-0.02,0.8,0.42,-1.18,1.05,0.14,-0.38,0.96,0.55,0.14,-0.24,0.88,-0.19,-0.33,0.66,1.22,1.75,0.91,1.01,-0.09,1.08,0.94,1.75,2.27,-0.82,1.55,1.29,1.33,0.68,0.58,2.26,0.44,0.86,0.57,0.85,0.73,0.82,1.29,1.09,0.8,0.88,0.68,0.77,0.73,0.65,0.35
20121107,-2.42,-1.93,-2.03,-1.44,-1.47,-1.27,-1.5,-3.59,-1.44,-2.02,-1.13,-1.83,-2.5,-2.37,-2.11,-2.71,-2.13,-1.75,-3.32,-1.96,-2.71,-2.19,-2.78,-2.7,-4.08,-0.19,0.08,-3.01,-9.56,-3.68,-2.55,-2.73,-2.62,-1.99,-2.3,-2.99,-2.18,-2.49,-1.45,-2.91,-1.23,-2.33,-1.34,-2.52,-2.11,-2.21,-2.76,-2.2
20121108,-1.97,-1.08,0.04,-1.5,-0.45,-1.04,-1.58,0,-1.62,-2.7,-1.49,-1.1,-2.07,-1.24,-0.96,-0.69,-1.62,-1.46,-1.38,0.45,-1.74,-1.07,-1.67,-1.17,-1.41,-0.05,-0.82,-1.89,-1.29,-1.5,-0.76,-1.18,-1.39,-1.04,-0.73,-1.48,-1.17,-1.16,-1.16,-0.79,-1.87,-2,-1.78,-0.85,-0.75,-1.72,-1.1,-1.09
20121109,-1.74,0.1,-0.06,-0.07,0.25,1.04,-0.21,1.73,-0.27,-0.16,-0.73,0.31,0.36,-0.24,0.28,-1.07,0.07,0.35,-0.22,-0.48,0.1,0.36,-0.02,0.98,-0.78,-0.3,-2.9,0.95,-1.77,0.31,-0.49,-0.02,-0.69,-0.19,-0.13,0.26,0.38,0.31,0.19,-0.66,0.18,-0.12,0.47,0.01,0.24,-0.58,-0.54,-0.08
20121112,-0.2,0.54,1.05,-0.4,-0.91,-1.03,-0.17,-0.19,-0.82,0.86,0.21,-0.03,-0.26,-0.38,-0.85,0.12,-0.4,-2.63,0.97,-0.53,-0.05,-0.48,0.34,0.52,0.58,0.23,-1.15,-0.12,-1.3,-0.95,-0.68,-1.14,0.12,-0.15,-1.24,-0.5,-0.21,-0.04,-0.11,0.61,0.24,-0.53,-0.1,0.05,-0.28,-0.39,0.03,0.85
20121113,-0.78,0.25,-0.68,-0.58,-0.16,-0.49,-0.48,-1.07,-0.02,-0.57,-0.91,-0.99,-0.13,-1.08,-0.2,0,-1.18,-0.95,-1.67,0.18,-0.71,-1.66,-0.97,-0.82,5.71,-0.58,-0.65,-0.97,-2.8,-0.99,0.1,-1.08,-0.44,-0.42,-0.86,-1.06,-0.83,-0.33,-0.9,-1.16,-0.96,-0.22,0.55,-0.63,-0.67,1.4,-0.52,-0.97
20121114,-1.78,-1.32,-0.6,-2.05,-2.66,-1.11,-2.2,-1.42,-1.55,-1.59,-2.22,-1.73,-1.95,-1.97,-1.74,-2.25,-1.72,-2.35,-2.63,-2.62,-1.42,-1.2,-1.67,-2.57,-1.16,-3.89,-5.77,-2.06,-3.15,-1.32,-1.18,-1.8,-1.97,-1.43,-0.88,-1.73,-1.14,-1.7,-3.06,-2.61,-0.17,-0.89,-2.22,-1.36,-1.4,-1.91,-1.67,-1.99
20121115,-1.7,-0.61,-3.4,1.03,-0.91,-1.43,0.38,-1.37,0,-0.09,-0.31,-0.82,-1.66,-1.08,-1.04,-0.71,-0.26,-1.04,-1.93,0.06,-0.86,-1.68,-0.64,-0.34,-1.47,-1.79,-1.08,-1.53,-2.49,-0.63,-0.69,-0.52,0.45,-0.44,-0.7,-1.19,-0.69,-0.77,-0.03,-1.24,0.3,-0.39,-0.26,-0.31,0.04,0.1,-0.28,-0.33
20121116,-0.19,0.84,0.62,-0.28,2.78,-0.22,2.1,0.31,0.41,0.48,0.36,1.2,0.55,0.2,0.63,0.76,1.45,1.69,1.1,1.29,0.21,0.02,0.21,-0.12,0.49,0.27,1.45,0.64,0.31,0.51,1.01,-0.45,0.22,0.15,-0.11,0.01,0.06,0.87,1.22,0.16,0.6,-0.05,0.33,0.47,0.59,1.23,0.22,0.91
20121119,2.54,1.57,1.64,1.58,3.24,1.03,1.35,1.03,1.38,3.1,1.61,2.47,2.14,3.04,1.36,2.08,2.31,1.54,2.52,3.35,2.32,1.85,2.22,2.36,2.63,2.53,3.92,2.98,4.15,3.27,0.55,1.25,1.59,1.52,1.74,1.94,1.62,2.23,2.08,1.78,1.61,2.59,2.21,1.41,1.44,1.33,2.07,1.42
20121120,1.08,-0.04,0.23,0.65,0.74,1.18,-0.37,0.19,-0.02,0.56,-0.44,-0.06,1.11,0.16,0.86,0.26,2.29,1.21,0.07,-1.38,0.14,0.27,0.34,0.45,-0.68,0.14,-0.9,0.27,-2.43,-0.4,0.16,-0.47,-0.61,-0.15,-0.63,-0.28,0.3,0.22,-0.58,0.35,0.37,0.04,0.01,0.11,0.13,1.07,-0.22,0.67
20121121,-1.24,0.57,0.86,0.35,0.62,-0.62,0.84,-0.14,0.21,1.09,-0.09,0.25,1.09,0.79,0.46,1.23,0.66,0.75,0.57,1.62,0.63,0.6,1.14,0.17,1.09,1.06,2.51,1.5,0.33,0.75,0.04,1.9,0.37,0.45,1.24,1.2,1.07,0.81,0.86,0.7,0.69,0.36,0.84,0.25,0.78,-0.61,0.56,0.69
20121123,0.32,0.6,2.15,0.08,1.54,0.86,0.59,0.51,1.43,0.61,0.88,0.66,1.39,1.15,0.66,0.44,1.75,0.48,1.41,0.58,1.22,1.19,2.42,0.75,1.04,2.39,0.9,1.84,0.65,1.68,0.02,0.71,0.91,0.76,1.28,1.37,1.43,0.87,1.43,1.02,0.86,1.31,0.56,0.99,0.9,1.56,1.17,-0.01
20121126,1.74,0.55,1.22,-0.62,-0.56,0.09,-0.33,0.99,-0.13,0.48,-0.23,0.35,0.81,-0.23,0.44,-1.08,0.89,0.47,0.22,0.03,0.13,1.44,0.46,0.27,0.09,1.17,-0.41,1.5,0.09,-0.55,0.95,0.15,0.28,0.29,0.45,0.6,0.36,0.75,1,0.65,0.02,-0.67,0.17,0.06,0.01,1.42,0.65,0.37
20121127,-0.1,0.62,1.08,-0.42,-0.55,-0.38,0.78,0.6,0.22,1.27,0.13,-0.21,0.86,0.42,-0.4,0.33,0.27,0.46,0.11,-1.63,0.19,-0.47,-0.17,0.08,-0.42,1.48,-2.28,-0.4,-0.11,-1.37,0.2,-0.42,0.68,-0.15,-0.14,0.02,0,-0.45,-0.51,0.23,-0.23,-0.04,0,-0.38,-0.52,-0.79,0.03,-0.01
20121128,1.27,0.98,0.5,0.52,0.85,2.73,0.67,1.34,-0.1,1.69,0.44,0.16,0.75,0.28,0.11,1.02,0.02,-0.22,0.45,1.63,1.23,-0.13,0.57,0.67,2.36,1.42,1.31,-0.59,2.08,0.81,0.61,0.71,-0.36,0.94,0.99,0.96,0.58,0.99,0.65,0.78,0.56,1.54,0.96,0.33,0.46,0.3,0.65,-0.16
20121129,1.83,0.44,1.28,1.3,0.22,0.05,1.28,0.42,0.9,0.37,1.61,1.13,1.28,1.07,0.52,0.89,1.46,1,1.2,1.25,1.13,1.85,0.75,1.1,0.98,0.36,0.85,0.33,1.75,1.63,0.77,1.61,2.18,1.29,0.94,1.38,1.62,1.28,0.13,0.78,0.81,0.26,0.89,0.8,0.92,3.66,0.86,0.67
20121130,0.06,0.21,-0.28,0.36,0.38,0.17,0.29,-0.02,0,-1.26,0.57,0.16,0.23,-0.15,0.27,0.04,0.16,-0.06,0.24,0.07,0.16,0.43,0.13,-0.1,0.19,0.09,-1.34,-0.45,1.86,0.13,0.54,0.27,-0.34,0.35,-0.68,0.13,-0.29,-0.2,-0.17,0.34,0.09,-0.16,-0.63,0.01,0.32,-0.38,-0.13,0.08
20121203,-0.56,0.17,-0.93,-0.28,-0.14,-0.66,0.35,1,0.24,-0.18,0.18,-0.77,-0.28,-0.7,-0.68,-0.35,-0.31,0.13,-0.69,2.1,-0.13,0.52,-0.64,-0.99,-0.8,-0.75,-1.64,-0.62,-1.9,-0.64,-0.36,-0.19,-0.74,-0.25,-0.45,-0.21,-0.26,-0.27,-1.06,-0.85,0.18,-0.37,-0.31,0.29,0.08,-0.03,-0.27,-0.21
20121204,-0.53,0.14,-0.29,1.59,-0.1,-0.47,-0.16,-1.33,0.29,-0.93,-0.06,-0.03,-0.63,-0.05,0.15,-0.38,0.56,0.06,0.53,0.93,0.24,0.12,0.64,0.24,1.4,0.82,-0.27,0.29,-0.49,-0.44,-0.31,0.5,2.23,-0.18,0.04,0.19,-0.19,-0.09,0.41,0.54,0.23,-0.1,-0.56,-0.39,0.3,-0.73,-0.06,-1.17
20121205,0.33,0.29,0.87,-0.98,-0.88,-0.86,-0.03,0.87,-1.33,-0.88,0.16,-0.31,-1.15,0.13,-0.51,-0.59,-1.31,-1.84,0.47,0.04,0.32,0.28,-0.79,0.33,0.11,-0.98,-1.52,-1.2,3.66,1.7,0.87,-0.64,-0.28,-0.14,0.1,-0.04,-0.31,-0.48,-0.58,-0.01,-0.45,-0.65,0.16,0.13,0.54,-0.41,0.27,0.18
20121206,-0.1,-0.38,0.63,1.37,-0.09,-0.56,0.5,1.32,0.77,0.21,0.63,-0.4,-0.37,0.07,-0.28,0.35,-0.45,0.41,-0.12,-0.82,0.1,0.05,0,0.47,0.46,0.53,-0.42,-0.3,0.73,-0.48,-0.13,0.24,0.45,0.14,0.93,0.45,0.4,0.1,0.39,-0.01,0.24,0.06,0.47,-0.07,0,-0.27,0.64,0.73
20121207,0.75,-0.35,0.23,-0.52,0.75,1.05,-0.04,0.81,0.1,-0.12,-0.33,-0.36,-0.45,0.39,-0.19,-0.59,0.35,0.55,0.21,1.86,0.26,0.84,0.23,-0.03,0.11,-0.8,0.64,0.54,0.83,0.42,-0.15,0.25,0.04,-0.01,0.21,0.01,0.11,0.47,0.38,0.4,0.06,-0.19,0.58,-0.05,0.2,-0.08,-0.06,-0.13
20121210,0.86,-0.28,1.52,0.69,-0.55,1.84,0.85,-0.2,-0.15,-1.22,0.21,0.43,0.73,-0.07,0.3,0.59,0.61,0.39,1.14,0.99,0.65,-0.09,0.85,0.76,1.25,-0.66,4.5,0.23,3.25,-0.3,0.37,0.05,0.66,0.28,0.49,0.98,0.26,0.43,0.9,0.63,0.42,-0.1,0.04,0.18,0.2,1.14,0.47,0.3
20121211,0.61,0.91,0.3,0.42,-0.77,-0.03,1.16,-0.02,0.34,1.29,0.85,1.26,2.77,0.85,0.56,0.36,0.15,1.16,1.49,1.31,0.74,0.78,1.21,0.83,0.67,0.88,1.38,1.9,-0.42,0.31,0.35,1.03,1.25,1.25,0.64,1.56,1.53,0.84,0.4,0.67,0.68,0.26,0.64,0.62,0.59,0.34,0.88,-0.08
20121212,-0.83,-0.13,1.18,-0.17,0.18,-1.52,0.17,0.33,-0.36,-0.85,-0.75,-0.5,-0.03,-0.49,0.11,-1.06,-0.09,1.12,-0.68,-0.27,-0.4,-0.72,0.04,-0.15,-0.58,-1.38,1.15,-0.23,-0.06,-0.06,-0.44,0.03,-0.64,-0.11,-0.56,0.21,-0.04,-0.92,0.12,-0.74,-0.27,-0.52,0.29,-0.44,-0.19,0.44,0.13,0.1
20121213,-0.02,-0.21,-1.48,0.55,-0.14,0.18,-0.46,1.1,1.05,-0.58,-0.34,0.01,-0.57,-0.76,-0.79,0.53,-0.62,-0.65,-0.25,-1.03,0.25,-0.29,-1.19,-0.41,-0.86,-1.98,-2.56,-0.94,0.18,-0.82,-0.43,-0.15,0.03,-0.47,-0.49,-0.62,-0.39,-0.28,-0.19,-0.04,-0.1,-0.34,-0.14,-0.13,-0.4,-0.4,-0.65,-0.11
20121214,0.57,-0.3,-0.96,0.21,-0.36,-1.08,0,-0.95,-0.61,-0.57,-0.28,-0.43,0.25,0.65,-0.19,-0.34,0.59,0.43,0.66,0.45,0.72,-0.21,0.49,0.11,1.04,-1.34,0.02,1.59,0.94,-0.19,-0.19,0.27,-0.17,0.23,-0.17,-0.05,0,0.42,-0.69,0.19,0.14,-0.18,0.38,-0.16,-0.69,0.21,0.29,0.55
20121217,0.06,0.88,-0.28,1.29,-0.42,2.58,1.53,2.06,1.11,1.46,1.2,0.74,0.6,0.97,0.38,1.42,1.29,2.97,1.32,-0.2,1.36,0.9,1.08,0.91,1.64,-0.14,0.23,1.52,-0.98,0.72,1.74,0.99,0.45,1.08,0.51,0.82,0.56,0.7,1.42,1.16,1.22,1.27,1.78,0.98,1.12,1.52,1.15,0.68
20121218,0.38,0.69,-0.28,1.11,-0.89,0.82,1.56,1.07,1.71,1.75,1.11,0.77,0.84,1.18,0.41,1.89,1.87,1.74,1.88,1.93,1.94,0.65,1.56,1.44,3.35,0.23,-1.34,0.62,1.46,2.39,0.76,1.54,2.65,1.37,2.04,1.26,1.35,1.33,0.21,1.44,0.95,1.05,0.94,0.92,1.23,1.02,0.99,2.24
20121219,0.62,-0.03,-0.91,-1.51,-0.76,0.05,-0.22,0.44,-0.43,-0.29,0.18,0.65,-0.86,0,0.1,0.02,-0.93,0.06,0.18,-0.31,0.05,0.19,0.03,0.27,0.45,0.29,-2.76,0.41,-1.33,-0.4,-0.56,-0.44,-0.64,0.01,0.5,0.21,0.22,0.75,0.26,0.44,0.01,0.17,0.06,0.14,-0.4,-0.55,0.11,-0.37
20121220,1.94,0.02,1.98,1.5,0.33,0.11,0.29,0.2,0.51,0.31,0.51,0.81,-0.26,0.96,0.82,0.42,0.73,0.18,0.56,0.61,0.37,0.2,0.79,0.2,-2.41,0.88,-2.27,1.46,-0.43,0.9,0.62,0.54,-0.06,0.4,0.5,0.68,0.34,1.16,0.87,0.75,0.75,0.26,0.38,0.76,0.76,0.94,1,0.18
20121221,-0.31,-0.75,-0.79,-0.12,-0.61,-0.81,0.66,0.7,-0.76,-0.41,-0.77,-0.88,-1.09,-1,-0.56,0.19,0.01,-1,-1.16,-1.97,-0.72,-0.56,-0.49,-0.15,-2.04,-0.43,-0.32,-1.29,-0.49,-0.39,-0.42,-0.87,-0.85,-0.28,-0.63,-0.65,-0.93,-0.59,-0.85,0.04,-0.27,-0.74,-0.71,-0.46,-0.96,-2.34,-0.62,-0.61
20121224,-2.02,-0.2,0.71,-1.45,-0.44,0.82,0.19,-0.96,-0.6,-0.11,-0.48,-0.39,-0.29,-0.05,-0.55,-0.08,-0.42,-0.29,-0.41,0.4,-0.43,-0.89,0.23,-0.14,-1.62,0.17,0.71,-0.19,-0.37,-1.55,-0.51,-0.88,-0.52,-0.33,-0.02,-0.39,0.01,-0.19,0.29,-0.43,-0.19,-0.06,-0.3,-0.34,-0.08,0.19,-0.37,-0.01
20121226,0.35,-1.44,-0.47,-0.92,-0.87,-0.94,-0.69,0.75,-0.67,-2.19,-0.1,-0.77,-0.72,-0.37,-0.17,-1.06,-0.57,-0.75,0.36,-2.04,-0.46,0.05,-0.68,-0.53,0.67,-1.62,0.95,0.22,-0.18,-0.28,-1.04,-0.36,-0.81,-0.57,-0.36,-0.77,-0.56,-0.1,-0.19,-0.71,-0.74,-1.48,-0.78,-0.2,-0.14,0.68,-0.48,-0.92
20121227,0.49,-0.16,-0.51,-0.41,0.25,-1.41,-0.63,-1.2,0.51,0.64,-0.09,-0.53,-0.32,-0.21,0.27,0.72,-0.09,-0.39,-0.86,-0.43,-0.16,-0.61,-0.08,-0.07,-0.95,0.84,-0.14,-0.94,-1.71,-0.52,-0.27,-0.55,-0.79,-0.34,-0.72,0,-0.07,-0.23,-0.22,-0.28,0.06,-0.09,-0.02,-0.18,-0.19,-0.7,-0.02,0.14
20121228,-0.29,-0.54,-1.28,-1.25,-0.87,0.37,0.31,-0.6,-0.65,-0.45,-0.33,-0.72,-0.71,-0.94,-0.05,-1.06,-0.63,-0.43,-0.87,0.73,-0.56,-0.98,-0.22,-1.08,-0.57,0.29,-1.21,-1.33,-1.51,-1.26,-0.6,-0.61,-0.28,-0.46,-0.6,-0.78,-0.39,-1,-1.07,-0.59,-1.03,-0.16,-0.56,-0.24,-0.57,-0.65,-0.05,-0.79
20121231,0.94,1.57,2.04,2.08,1,3,1.3,1.8,1.73,3.23,1.54,1.61,1.43,1.78,1.93,2,1.86,2.36,2.54,1.38,2.35,2.51,2.24,1.88,1.97,3.47,4.03,3.18,2.2,2.6,1.38,1.38,3.24,1.58,1.93,2.29,2.57,2.01,1.44,2.06,1.57,2.15,1.67,1.43,1.74,1.01,1.48,1.47
